,Unnamed: 0,personId,name,nameI,firstName,familyName,jerseyNum,assignment,gameId,gameDate
0,0,101283,Brian Forte,B. Forte,Brian,Forte,45,,22200741,"January 28, 2023"
1,1,101284,John Goble,J. Goble,John,Goble,10,,22200741,"January 28, 2023"
2,2,203592,Dedric Taylor,D. Taylor,Dedric,Taylor,21,,22200741,"January 28, 2023"
3,3,2004,Courtney Kirkland,C. Kirkland,Courtney,Kirkland,61,,22200743,"January 28, 2023"
4,4,201245,Marat Kogut,M. Kogut,Marat,Kogut,32,,22200743,"January 28, 2023"
5,5,1627524,Nate Green,N. Green,Nate,Green,65,,22200743,"January 28, 2023"
6,6,200834,Mark Lindsay,M. Lindsay,Mark,Lindsay,29,,22200748,"January 28, 2023"
7,7,202035,Brett Nansel,B. Nansel,Brett,Nansel,44,,22200748,"January 28, 2023"
8,8,1627963,Phenizee Ransom,P. Ransom,Phenizee,Ransom,70,,22200748,"January 28, 2023"
9,9,2715,Eric Lewis,E. Lewis,Eric,Lewis,42,,22200749,"January 28, 2023"
10,10,1627534,Andy Nagy,A. Nagy,Andy,Nagy,83,,22200749,"January 28, 2023"
11,11,1627962,Jacyn Goble,J. Goble,Jacyn,Goble,68,,22200749,"January 28, 2023"
12,12,204059,Tyler Ford,T. Ford,Tyler,Ford,39,,22200738,"January 27, 2023"
13,13,1626302,Aaron Smith,A. Smith,Aaron,Smith,51,,22200738,"January 27, 2023"
14,14,1628951,John Butler,J. Butler,John,Butler,30,,22200738,"January 27, 2023"
15,15,101283,Brian Forte,B. Forte,Brian,Forte,45,,22200730,"January 26, 2023"
16,16,202049,Ben Taylor,B. Taylor,Ben,Taylor,46,,22200730,"January 26, 2023"
17,17,203592,Dedric Taylor,D. Taylor,Dedric,Taylor,21,,22200730,"January 26, 2023"
18,18,1830,Marc Davis,M. Davis,Marc,Davis,8,,22200734,"January 26, 2023"
19,19,202027,Tre Maddox,T. Maddox,Tre,Maddox,23,,22200734,"January 26, 2023"
20,20,1627961,Brandon Adair,B. Adair,Brandon,Adair,67,,22200734,"January 26, 2023"
21,21,1193,Michael Smith,M. Smith,Michael,Smith,38,,22200721,"January 25, 2023"
22,22,201639,Josh Tiven,J. Tiven,Josh,Tiven,58,,22200721,"January 25, 2023"
23,23,202035,Brett Nansel,B. Nansel,Brett,Nansel,44,,22200721,"January 25, 2023"
24,24,1148,James Capers,J. Capers,James,Capers,19,,22200725,"January 25, 2023"
25,25,1199,Tom Washington,T. Washington,Tom,Washington,49,,22200725,"January 25, 2023"
26,26,202037,J.T. Orr,J. Orr,J.T.,Orr,72,,22200725,"January 25, 2023"
27,27,2005,Matt Boland,M. Boland,Matt,Boland,18,,22200726,"January 25, 2023"
28,28,2882,Sean Wright,S. Wright,Sean,Wright,4,,22200726,"January 25, 2023"
29,29,204058,Gediminas Petraitis,G. Petraitis,Gediminas,Petraitis,50,,22200726,"January 25, 2023"
30,30,200834,Mark Lindsay,M. Lindsay,Mark,Lindsay,29,,22200713,"January 24, 2023"
31,31,1626302,Aaron Smith,A. Smith,Aaron,Smith,51,,22200713,"January 24, 2023"
32,32,1627529,Suyash Mehta,S. Mehta,Suyash,Mehta,82,,22200713,"January 24, 2023"
33,33,2003,Pat Fraher,P. Fraher,Pat,Fraher,26,,22200714,"January 24, 2023"
34,34,202026,Karl Lane,K. Lane,Karl,Lane,77,,22200714,"January 24, 2023"
35,35,202901,Matt Myers,M. Myers,Matt,Myers,43,,22200714,"January 24, 2023"
36,36,1198,Scott Wall,S. Wall,Scott,Wall,31,,22200715,"January 24, 2023"
37,37,1662,Bill Kennedy,B. Kennedy,Bill,Kennedy,55,,22200715,"January 24, 2023"
38,38,1627962,Jacyn Goble,J. Goble,Jacyn,Goble,68,,22200715,"January 24, 2023"
39,39,1151,Sean Corbin,S. Corbin,Sean,Corbin,33,,22200716,"January 24, 2023"
40,40,2715,Eric Lewis,E. Lewis,Eric,Lewis,42,,22200716,"January 24, 2023"
41,41,203177,Lauren Holtkamp,L. Holtkamp,Lauren,Holtkamp,7,,22200716,"January 24, 2023"
42,42,2004,Courtney Kirkland,C. Kirkland,Courtney,Kirkland,61,,22200717,"January 24, 2023"
43,43,1627541,Natalie Sago,N. Sago,Natalie,Sago,9,,22200717,"January 24, 2023"
44,44,1628484,Dannica Mosher,D. Mosher,Dannica,Mosher,89,,22200717,"January 24, 2023"
45,45,1830,Marc Davis,M. Davis,Marc,Davis,8,,22200709,"January 23, 2023"
46,46,1628480,Robert Hussey,R. Hussey,Robert,Hussey,85,,22200709,"January 23, 2023"
47,47,1628953,Ashley Moyer-Gleich,A. Moyer-Gleich,Ashley,Moyer-Gleich,13,,22200709,"January 23, 2023"
48,48,1662,Bill Kennedy,B. Kennedy,Bill,Kennedy,55,,22200699,"January 22, 2023"
49,49,2002,Derrick Collins,D. Collins,Derrick,Collins,11,,22200699,"January 22, 2023"
50,50,1627961,Brandon Adair,B. Adair,Brandon,Adair,67,,22200699,"January 22, 2023"
51,51,2882,Sean Wright,S. Wright,Sean,Wright,4,,22200702,"January 22, 2023"
52,52,203593,Justin Van Duyne,J. Van Duyne,Justin,Van Duyne,64,,22200702,"January 22, 2023"
53,53,1628951,John Butler,J. Butler,John,Butler,30,,22200702,"January 22, 2023"
54,54,1146,Tony Brothers,T. Brothers,Tony,Brothers,25,,22200703,"January 22, 2023"
55,55,202053,Scott Twardoski,S. Twardoski,Scott,Twardoski,52,,22200703,"January 22, 2023"
56,56,203177,Lauren Holtkamp,L. Holtkamp,Lauren,Holtkamp,7,,22200703,"January 22, 2023"
57,57,101283,Brian Forte,B. Forte,Brian,Forte,45,,22200704,"January 22, 2023"
58,58,200832,Curtis Blair,C. Blair,Curtis,Blair,74,,22200704,"January 22, 2023"
59,59,1626300,Ray Acosta,R. Acosta,Ray,Acosta,54,,22200704,"January 22, 2023"
60,60,1193,Michael Smith,M. Smith,Michael,Smith,38,,22200692,"January 21, 2023"
61,61,2530,Ed Malloy,E. Malloy,Ed,Malloy,14,,22200692,"January 21, 2023"
62,62,1628484,Dannica Mosher,D. Mosher,Dannica,Mosher,89,,22200692,"January 21, 2023"
63,63,202041,Kevin Scott,K. Scott,Kevin,Scott,24,,22200694,"January 21, 2023"
64,64,202056,CJ Washington,C. Washington,CJ,Washington,12,,22200694,"January 21, 2023"
65,65,204059,Tyler Ford,T. Ford,Tyler,Ford,39,,22200694,"January 21, 2023"
66,66,1201,Leon Wood,L. Wood,Leon,Wood,40,,22200697,"January 21, 2023"
67,67,2534,Zach Zarba,Z. Zarba,Zach,Zarba,15,,22200697,"January 21, 2023"
68,68,201245,Marat Kogut,M. Kogut,Marat,Kogut,32,,22200697,"January 21, 2023"
69,69,2003,Pat Fraher,P. Fraher,Pat,Fraher,26,,22200698,"January 21, 2023"
70,70,204058,Gediminas Petraitis,G. Petraitis,Gediminas,Petraitis,50,,22200698,"January 21, 2023"
71,71,1626301,Jason Goldenberg,J. Goldenberg,Jason,Goldenberg,35,,22200698,"January 21, 2023"
72,72,2004,Courtney Kirkland,C. Kirkland,Courtney,Kirkland,61,,22200689,"January 20, 2023"
73,73,203177,Lauren Holtkamp,L. Holtkamp,Lauren,Holtkamp,7,,22200689,"January 20, 2023"
74,74,1627519,John Conley,J. Conley,John,Conley,79,,22200689,"January 20, 2023"
75,75,2534,Zach Zarba,Z. Zarba,Zach,Zarba,15,,22200690,"January 20, 2023"
76,76,101283,Brian Forte,B. Forte,Brian,Forte,45,,22200690,"January 20, 2023"
77,77,202901,Matt Myers,M. Myers,Matt,Myers,43,,22200690,"January 20, 2023"
78,78,1146,Tony Brothers,T. Brothers,Tony,Brothers,25,,22200691,"January 20, 2023"
79,79,1155,JB DeRosa,J. DeRosa,JB,DeRosa,22,,22200691,"January 20, 2023"
80,80,1198,Scott Wall,S. Wall,Scott,Wall,31,,22200691,"January 20, 2023"
81,81,2714,David Guthrie,D. Guthrie,David,Guthrie,16,,22200679,"January 19, 2023"
82,82,201638,Brent Barnaky,B. Barnaky,Brent,Barnaky,36,,22200679,"January 19, 2023"
83,83,1626302,Aaron Smith,A. Smith,Aaron,Smith,51,,22200679,"January 19, 2023"
84,84,1199,Tom Washington,T. Washington,Tom,Washington,49,,22200680,"January 19, 2023"
85,85,2003,Pat Fraher,P. Fraher,Pat,Fraher,26,,22200680,"January 19, 2023"
86,86,203592,Dedric Taylor,D. Taylor,Dedric,Taylor,21,,22200680,"January 19, 2023"
87,87,2715,Eric Lewis,E. Lewis,Eric,Lewis,42,,22200681,"January 19, 2023"
88,88,201246,Kevin Cutler,K. Cutler,Kevin,Cutler,34,,22200681,"January 19, 2023"
89,89,1626301,Jason Goldenberg,J. Goldenberg,Jason,Goldenberg,35,,22200681,"January 19, 2023"
90,90,1162,Scott Foster,S. Foster,Scott,Foster,48,,22200670,"January 18, 2023"
91,91,1201,Leon Wood,L. Wood,Leon,Wood,40,,22200670,"January 18, 2023"
92,92,203593,Justin Van Duyne,J. Van Duyne,Justin,Van Duyne,64,,22200670,"January 18, 2023"
93,93,2882,Sean Wright,S. Wright,Sean,Wright,4,,22200671,"January 18, 2023"
94,94,202035,Brett Nansel,B. Nansel,Brett,Nansel,44,,22200671,"January 18, 2023"
95,95,203054,Cheryl Flores,C. Flores,Cheryl,Flores,91,,22200671,"January 18, 2023"
96,96,200832,Curtis Blair,C. Blair,Curtis,Blair,74,,22200672,"January 18, 2023"
97,97,204059,Tyler Ford,T. Ford,Tyler,Ford,39,,22200672,"January 18, 2023"
98,98,1628159,Mousa Dagher,M. Dagher,Mousa,Dagher,28,,22200672,"January 18, 2023"
99,99,1151,Sean Corbin,S. Corbin,Sean,Corbin,33,,22200676,"January 18, 2023"
100,100,2004,Courtney Kirkland,C. Kirkland,Courtney,Kirkland,61,,22200676,"January 18, 2023"
101,101,202901,Matt Myers,M. Myers,Matt,Myers,43,,22200676,"January 18, 2023"
102,102,2715,Eric Lewis,E. Lewis,Eric,Lewis,42,,22200677,"January 18, 2023"
103,103,203177,Lauren Holtkamp,L. Holtkamp,Lauren,Holtkamp,7,,22200677,"January 18, 2023"
104,104,1628171,Brandon Schwab,B. Schwab,Brandon,Schwab,86,,22200677,"January 18, 2023"
105,105,1155,JB DeRosa,J. DeRosa,JB,DeRosa,22,,22200659,"January 16, 2023"
106,106,1162,Scott Foster,S. Foster,Scott,Foster,48,,22200659,"January 16, 2023"
107,107,203054,Cheryl Flores,C. Flores,Cheryl,Flores,91,,22200659,"January 16, 2023"
108,108,2002,Derrick Collins,D. Collins,Derrick,Collins,11,,22200662,"January 16, 2023"
109,109,200832,Curtis Blair,C. Blair,Curtis,Blair,74,,22200662,"January 16, 2023"
110,110,1626302,Aaron Smith,A. Smith,Aaron,Smith,51,,22200662,"January 16, 2023"
111,111,1151,Sean Corbin,S. Corbin,Sean,Corbin,33,,22200664,"January 16, 2023"
112,112,1198,Scott Wall,S. Wall,Scott,Wall,31,,22200664,"January 16, 2023"
113,113,200834,Mark Lindsay,M. Lindsay,Mark,Lindsay,29,,22200664,"January 16, 2023"
114,114,201638,Brent Barnaky,B. Barnaky,Brent,Barnaky,36,,22200653,"January 15, 2023"
115,115,201639,Josh Tiven,J. Tiven,Josh,Tiven,58,,22200653,"January 15, 2023"
116,116,1627526,Matt Kallio,M. Kallio,Matt,Kallio,88,,22200653,"January 15, 2023"
117,117,101284,John Goble,J. Goble,John,Goble,10,,22200655,"January 15, 2023"
118,118,202035,Brett Nansel,B. Nansel,Brett,Nansel,44,,22200655,"January 15, 2023"
119,119,1627963,Phenizee Ransom,P. Ransom,Phenizee,Ransom,70,,22200655,"January 15, 2023"
120,120,201639,Josh Tiven,J. Tiven,Josh,Tiven,58,,22200646,"January 14, 2023"
121,121,202026,Karl Lane,K. Lane,Karl,Lane,77,,22200646,"January 14, 2023"
122,122,202056,CJ Washington,C. Washington,CJ,Washington,12,,22200646,"January 14, 2023"
123,123,2003,Pat Fraher,P. Fraher,Pat,Fraher,26,,22200633,"January 13, 2023"
124,124,1626301,Jason Goldenberg,J. Goldenberg,Jason,Goldenberg,35,,22200633,"January 13, 2023"
125,125,1628953,Ashley Moyer-Gleich,A. Moyer-Gleich,Ashley,Moyer-Gleich,13,,22200633,"January 13, 2023"
126,126,2004,Courtney Kirkland,C. Kirkland,Courtney,Kirkland,61,,22200634,"January 13, 2023"
127,127,101283,Brian Forte,B. Forte,Brian,Forte,45,,22200634,"January 13, 2023"
128,128,1628171,Brandon Schwab,B. Schwab,Brandon,Schwab,86,,22200634,"January 13, 2023"
129,129,1193,Michael Smith,M. Smith,Michael,Smith,38,,22200638,"January 13, 2023"
130,130,1830,Marc Davis,M. Davis,Marc,Davis,8,,22200638,"January 13, 2023"
131,131,1628484,Dannica Mosher,D. Mosher,Dannica,Mosher,89,,22200638,"January 13, 2023"
132,132,201639,Josh Tiven,J. Tiven,Josh,Tiven,58,,22200630,"January 12, 2023"
133,133,202027,Tre Maddox,T. Maddox,Tre,Maddox,23,,22200630,"January 12, 2023"
134,134,1627529,Suyash Mehta,S. Mehta,Suyash,Mehta,82,,22200630,"January 12, 2023"
135,135,1162,Scott Foster,S. Foster,Scott,Foster,48,,22200631,"January 12, 2023"
136,136,202026,Karl Lane,K. Lane,Karl,Lane,77,,22200631,"January 12, 2023"
137,137,202901,Matt Myers,M. Myers,Matt,Myers,43,,22200631,"January 12, 2023"
138,138,1179,Rodney Mott,R. Mott,Rodney,Mott,71,,22200619,"January 11, 2023"
139,139,2005,Matt Boland,M. Boland,Matt,Boland,18,,22200619,"January 11, 2023"
140,140,1628953,Ashley Moyer-Gleich,A. Moyer-Gleich,Ashley,Moyer-Gleich,13,,22200619,"January 11, 2023"
141,141,200834,Mark Lindsay,M. Lindsay,Mark,Lindsay,29,,22200620,"January 11, 2023"
142,142,202007,Nick Buchert,N. Buchert,Nick,Buchert,3,,22200620,"January 11, 2023"
143,143,1627961,Brandon Adair,B. Adair,Brandon,Adair,67,,22200620,"January 11, 2023"
144,144,2534,Zach Zarba,Z. Zarba,Zach,Zarba,15,,22200622,"January 11, 2023"
145,145,203177,Lauren Holtkamp,L. Holtkamp,Lauren,Holtkamp,7,,22200622,"January 11, 2023"
146,146,1626300,Ray Acosta,R. Acosta,Ray,Acosta,54,,22200622,"January 11, 2023"
147,147,1155,JB DeRosa,J. DeRosa,JB,DeRosa,22,,22200623,"January 11, 2023"
148,148,101284,John Goble,J. Goble,John,Goble,10,,22200623,"January 11, 2023"
149,149,1628172,Evan Scott,E. Scott,Evan,Scott,78,,22200623,"January 11, 2023"
150,150,201638,Brent Barnaky,B. Barnaky,Brent,Barnaky,36,,22200611,"January 10, 2023"
151,151,202041,Kevin Scott,K. Scott,Kevin,Scott,24,,22200611,"January 10, 2023"
152,152,202056,CJ Washington,C. Washington,CJ,Washington,12,,22200611,"January 10, 2023"
153,153,2882,Sean Wright,S. Wright,Sean,Wright,4,,22200614,"January 10, 2023"
154,154,204058,Gediminas Petraitis,G. Petraitis,Gediminas,Petraitis,50,,22200614,"January 10, 2023"
155,155,1627539,Tyler Ricks,T. Ricks,Tyler,Ricks,95,,22200614,"January 10, 2023"
156,156,201639,Josh Tiven,J. Tiven,Josh,Tiven,58,,22200616,"January 10, 2023"
157,157,1626302,Aaron Smith,A. Smith,Aaron,Smith,51,,22200616,"January 10, 2023"
158,158,1628159,Mousa Dagher,M. Dagher,Mousa,Dagher,28,,22200616,"January 10, 2023"
159,159,2534,Zach Zarba,Z. Zarba,Zach,Zarba,15,,22200606,"January 09, 2023"
160,160,201246,Kevin Cutler,K. Cutler,Kevin,Cutler,34,,22200606,"January 09, 2023"
161,161,1628954,Jenna Schroeder,J. Schroeder,Jenna,Schroeder,84,,22200606,"January 09, 2023"
162,162,1179,Rodney Mott,R. Mott,Rodney,Mott,71,,22200607,"January 09, 2023"
163,163,202058,James Williams,J. Williams,James,Williams,60,,22200607,"January 09, 2023"
164,164,1627524,Nate Green,N. Green,Nate,Green,65,,22200607,"January 09, 2023"
165,165,1146,Tony Brothers,T. Brothers,Tony,Brothers,25,,22200598,"January 08, 2023"
166,166,202053,Scott Twardoski,S. Twardoski,Scott,Twardoski,52,,22200598,"January 08, 2023"
167,167,1628171,Brandon Schwab,B. Schwab,Brandon,Schwab,86,,22200598,"January 08, 2023"
168,168,200834,Mark Lindsay,M. Lindsay,Mark,Lindsay,29,,22200599,"January 08, 2023"
169,169,1626300,Ray Acosta,R. Acosta,Ray,Acosta,54,,22200599,"January 08, 2023"
170,170,1627964,Jonathan Sterling,J. Sterling,Jonathan,Sterling,17,,22200599,"January 08, 2023"
171,171,2882,Sean Wright,S. Wright,Sean,Wright,4,,22200604,"January 08, 2023"
172,172,203591,Mitchell Ervin,M. Ervin,Mitchell,Ervin,27,,22200604,"January 08, 2023"
173,173,1627529,Suyash Mehta,S. Mehta,Suyash,Mehta,82,,22200604,"January 08, 2023"
174,174,1179,Rodney Mott,R. Mott,Rodney,Mott,71,,22200591,"January 07, 2023"
175,175,2005,Matt Boland,M. Boland,Matt,Boland,18,,22200591,"January 07, 2023"
176,176,1628951,John Butler,J. Butler,John,Butler,30,,22200591,"January 07, 2023"
177,177,2003,Pat Fraher,P. Fraher,Pat,Fraher,26,,22200595,"January 07, 2023"
178,178,203592,Dedric Taylor,D. Taylor,Dedric,Taylor,21,,22200595,"January 07, 2023"
179,179,1627962,Jacyn Goble,J. Goble,Jacyn,Goble,68,,22200595,"January 07, 2023"
180,180,1162,Scott Foster,S. Foster,Scott,Foster,48,,22200580,"January 06, 2023"
181,181,2002,Derrick Collins,D. Collins,Derrick,Collins,11,,22200580,"January 06, 2023"
182,182,204058,Gediminas Petraitis,G. Petraitis,Gediminas,Petraitis,50,,22200580,"January 06, 2023"
183,183,1151,Sean Corbin,S. Corbin,Sean,Corbin,33,,22200582,"January 06, 2023"
184,184,1830,Marc Davis,M. Davis,Marc,Davis,8,,22200582,"January 06, 2023"
185,185,1627961,Brandon Adair,B. Adair,Brandon,Adair,67,,22200582,"January 06, 2023"
186,186,1155,JB DeRosa,J. DeRosa,JB,DeRosa,22,,22200586,"January 06, 2023"
187,187,204059,Tyler Ford,T. Ford,Tyler,Ford,39,,22200586,"January 06, 2023"
188,188,1626302,Aaron Smith,A. Smith,Aaron,Smith,51,,22200586,"January 06, 2023"
189,189,1148,James Capers,J. Capers,James,Capers,19,,22200565,"January 04, 2023"
190,190,1151,Sean Corbin,S. Corbin,Sean,Corbin,33,,22200565,"January 04, 2023"
191,191,1628484,Dannica Mosher,D. Mosher,Dannica,Mosher,89,,22200565,"January 04, 2023"
192,192,2004,Courtney Kirkland,C. Kirkland,Courtney,Kirkland,61,,22200567,"January 04, 2023"
193,193,1627962,Jacyn Goble,J. Goble,Jacyn,Goble,68,,22200567,"January 04, 2023"
194,194,1627963,Phenizee Ransom,P. Ransom,Phenizee,Ransom,70,,22200567,"January 04, 2023"
195,195,1198,Scott Wall,S. Wall,Scott,Wall,31,,22200568,"January 04, 2023"
196,196,201639,Josh Tiven,J. Tiven,Josh,Tiven,58,,22200568,"January 04, 2023"
197,197,202053,Scott Twardoski,S. Twardoski,Scott,Twardoski,52,,22200568,"January 04, 2023"
198,198,1146,Tony Brothers,T. Brothers,Tony,Brothers,25,,22200569,"January 04, 2023"
199,199,202901,Matt Myers,M. Myers,Matt,Myers,43,,22200569,"January 04, 2023"
200,200,204058,Gediminas Petraitis,G. Petraitis,Gediminas,Petraitis,50,,22200569,"January 04, 2023"
201,201,2530,Ed Malloy,E. Malloy,Ed,Malloy,14,,22200573,"January 04, 2023"
202,202,203591,Mitchell Ervin,M. Ervin,Mitchell,Ervin,27,,22200573,"January 04, 2023"
203,203,1629178,Sha'Rae Mitchell,S. Mitchell,Sha'Rae,Mitchell,76,,22200573,"January 04, 2023"
204,204,1201,Leon Wood,L. Wood,Leon,Wood,40,,22200574,"January 04, 2023"
205,205,2534,Zach Zarba,Z. Zarba,Zach,Zarba,15,,22200574,"January 04, 2023"
206,206,203593,Justin Van Duyne,J. Van Duyne,Justin,Van Duyne,64,,22200574,"January 04, 2023"
207,207,2714,David Guthrie,D. Guthrie,David,Guthrie,16,,22200575,"January 04, 2023"
208,208,202056,CJ Washington,C. Washington,CJ,Washington,12,,22200575,"January 04, 2023"
209,209,1628953,Ashley Moyer-Gleich,A. Moyer-Gleich,Ashley,Moyer-Gleich,13,,22200575,"January 04, 2023"
210,210,201246,Kevin Cutler,K. Cutler,Kevin,Cutler,34,,22200563,"January 03, 2023"
211,211,202007,Nick Buchert,N. Buchert,Nick,Buchert,3,,22200563,"January 03, 2023"
212,212,202035,Brett Nansel,B. Nansel,Brett,Nansel,44,,22200563,"January 03, 2023"
213,213,1146,Tony Brothers,T. Brothers,Tony,Brothers,25,,22200552,"January 02, 2023"
214,214,1155,JB DeRosa,J. DeRosa,JB,DeRosa,22,,22200552,"January 02, 2023"
215,215,1627529,Suyash Mehta,S. Mehta,Suyash,Mehta,82,,22200552,"January 02, 2023"
216,216,2882,Sean Wright,S. Wright,Sean,Wright,4,,22200554,"January 02, 2023"
217,217,1627519,John Conley,J. Conley,John,Conley,79,,22200554,"January 02, 2023"
218,218,1627541,Natalie Sago,N. Sago,Natalie,Sago,9,,22200554,"January 02, 2023"
219,219,1148,James Capers,J. Capers,James,Capers,19,,22200556,"January 02, 2023"
220,220,203054,Cheryl Flores,C. Flores,Cheryl,Flores,91,,22200556,"January 02, 2023"
221,221,203591,Mitchell Ervin,M. Ervin,Mitchell,Ervin,27,,22200556,"January 02, 2023"
222,222,1201,Leon Wood,L. Wood,Leon,Wood,40,,22200558,"January 02, 2023"
223,223,2534,Zach Zarba,Z. Zarba,Zach,Zarba,15,,22200558,"January 02, 2023"
224,224,1628951,John Butler,J. Butler,John,Butler,30,,22200558,"January 02, 2023"
225,225,1155,JB DeRosa,J. DeRosa,JB,DeRosa,22,,22200538,"December 31, 2022"
226,226,101284,John Goble,J. Goble,John,Goble,10,,22200538,"December 31, 2022"
227,227,203177,Lauren Holtkamp,L. Holtkamp,Lauren,Holtkamp,7,,22200538,"December 31, 2022"
228,228,200834,Mark Lindsay,M. Lindsay,Mark,Lindsay,29,,22200540,"December 31, 2022"
229,229,201638,Brent Barnaky,B. Barnaky,Brent,Barnaky,36,,22200540,"December 31, 2022"
230,230,202037,J.T. Orr,J. Orr,J.T.,Orr,72,,22200540,"December 31, 2022"
231,231,202058,James Williams,J. Williams,James,Williams,60,,22200542,"December 31, 2022"
232,232,203592,Dedric Taylor,D. Taylor,Dedric,Taylor,21,,22200542,"December 31, 2022"
233,233,1628159,Mousa Dagher,M. Dagher,Mousa,Dagher,28,,22200542,"December 31, 2022"
234,234,2714,David Guthrie,D. Guthrie,David,Guthrie,16,,22200546,"December 31, 2022"
235,235,204059,Tyler Ford,T. Ford,Tyler,Ford,39,,22200546,"December 31, 2022"
236,236,1627519,John Conley,J. Conley,John,Conley,79,,22200546,"December 31, 2022"
237,237,1146,Tony Brothers,T. Brothers,Tony,Brothers,25,,22200530,"December 30, 2022"
238,238,202035,Brett Nansel,B. Nansel,Brett,Nansel,44,,22200530,"December 30, 2022"
239,239,202049,Ben Taylor,B. Taylor,Ben,Taylor,46,,22200530,"December 30, 2022"
240,240,201639,Josh Tiven,J. Tiven,Josh,Tiven,58,,22200531,"December 30, 2022"
241,241,203593,Justin Van Duyne,J. Van Duyne,Justin,Van Duyne,64,,22200531,"December 30, 2022"
242,242,1628480,Robert Hussey,R. Hussey,Robert,Hussey,85,,22200531,"December 30, 2022"
243,243,2882,Sean Wright,S. Wright,Sean,Wright,4,,22200535,"December 30, 2022"
244,244,202027,Tre Maddox,T. Maddox,Tre,Maddox,23,,22200535,"December 30, 2022"
245,245,1626301,Jason Goldenberg,J. Goldenberg,Jason,Goldenberg,35,,22200535,"December 30, 2022"
246,246,201246,Kevin Cutler,K. Cutler,Kevin,Cutler,34,,22200536,"December 30, 2022"
247,247,204059,Tyler Ford,T. Ford,Tyler,Ford,39,,22200536,"December 30, 2022"
248,248,1627964,Jonathan Sterling,J. Sterling,Jonathan,Sterling,17,,22200536,"December 30, 2022"
249,249,1662,Bill Kennedy,B. Kennedy,Bill,Kennedy,55,,22200537,"December 30, 2022"
250,250,1626300,Ray Acosta,R. Acosta,Ray,Acosta,54,,22200537,"December 30, 2022"
251,251,1628172,Evan Scott,E. Scott,Evan,Scott,78,,22200537,"December 30, 2022"
252,252,1148,James Capers,J. Capers,James,Capers,19,,22200524,"December 29, 2022"
253,253,1626302,Aaron Smith,A. Smith,Aaron,Smith,51,,22200524,"December 29, 2022"
254,254,1627534,Andy Nagy,A. Nagy,Andy,Nagy,83,,22200524,"December 29, 2022"
255,255,1162,Scott Foster,S. Foster,Scott,Foster,48,,22200525,"December 29, 2022"
256,256,201638,Brent Barnaky,B. Barnaky,Brent,Barnaky,36,,22200525,"December 29, 2022"
257,257,202901,Matt Myers,M. Myers,Matt,Myers,43,,22200525,"December 29, 2022"
258,258,202026,Karl Lane,K. Lane,Karl,Lane,77,,22200517,"December 28, 2022"
259,259,202058,James Williams,J. Williams,James,Williams,60,,22200517,"December 28, 2022"
260,260,1628171,Brandon Schwab,B. Schwab,Brandon,Schwab,86,,22200517,"December 28, 2022"
261,261,1662,Bill Kennedy,B. Kennedy,Bill,Kennedy,55,,22200519,"December 28, 2022"
262,262,101283,Brian Forte,B. Forte,Brian,Forte,45,,22200519,"December 28, 2022"
263,263,202035,Brett Nansel,B. Nansel,Brett,Nansel,44,,22200519,"December 28, 2022"
264,264,201246,Kevin Cutler,K. Cutler,Kevin,Cutler,34,,22200520,"December 28, 2022"
265,265,203591,Mitchell Ervin,M. Ervin,Mitchell,Ervin,27,,22200520,"December 28, 2022"
266,266,1627961,Brandon Adair,B. Adair,Brandon,Adair,67,,22200520,"December 28, 2022"
267,267,202041,Kevin Scott,K. Scott,Kevin,Scott,24,,22200521,"December 28, 2022"
268,268,202053,Scott Twardoski,S. Twardoski,Scott,Twardoski,52,,22200521,"December 28, 2022"
269,269,1627526,Matt Kallio,M. Kallio,Matt,Kallio,88,,22200521,"December 28, 2022"
270,270,1151,Sean Corbin,S. Corbin,Sean,Corbin,33,,22200522,"December 28, 2022"
271,271,204059,Tyler Ford,T. Ford,Tyler,Ford,39,,22200522,"December 28, 2022"
272,272,1627964,Jonathan Sterling,J. Sterling,Jonathan,Sterling,17,,22200522,"December 28, 2022"
273,273,101284,John Goble,J. Goble,John,Goble,10,,22200506,"December 27, 2022"
274,274,203177,Lauren Holtkamp,L. Holtkamp,Lauren,Holtkamp,7,,22200506,"December 27, 2022"
275,275,1628480,Robert Hussey,R. Hussey,Robert,Hussey,85,,22200506,"December 27, 2022"
276,276,1155,JB DeRosa,J. DeRosa,JB,DeRosa,22,,22200512,"December 27, 2022"
277,277,202049,Ben Taylor,B. Taylor,Ben,Taylor,46,,22200512,"December 27, 2022"
278,278,1628484,Dannica Mosher,D. Mosher,Dannica,Mosher,89,,22200512,"December 27, 2022"
279,279,2005,Matt Boland,M. Boland,Matt,Boland,18,,22200513,"December 27, 2022"
280,280,202027,Tre Maddox,T. Maddox,Tre,Maddox,23,,22200513,"December 27, 2022"
281,281,203593,Justin Van Duyne,J. Van Duyne,Justin,Van Duyne,64,,22200513,"December 27, 2022"
282,282,202035,Brett Nansel,B. Nansel,Brett,Nansel,44,,22200499,"December 26, 2022"
283,283,203591,Mitchell Ervin,M. Ervin,Mitchell,Ervin,27,,22200499,"December 26, 2022"
284,284,1628172,Evan Scott,E. Scott,Evan,Scott,78,,22200499,"December 26, 2022"
285,285,202056,CJ Washington,C. Washington,CJ,Washington,12,,22200500,"December 26, 2022"
286,286,202058,James Williams,J. Williams,James,Williams,60,,22200500,"December 26, 2022"
287,287,1626302,Aaron Smith,A. Smith,Aaron,Smith,51,,22200500,"December 26, 2022"
288,288,1155,JB DeRosa,J. DeRosa,JB,DeRosa,22,,22200503,"December 26, 2022"
289,289,101283,Brian Forte,B. Forte,Brian,Forte,45,,22200503,"December 26, 2022"
290,290,1627529,Suyash Mehta,S. Mehta,Suyash,Mehta,82,,22200503,"December 26, 2022"
291,291,1146,Tony Brothers,T. Brothers,Tony,Brothers,25,,22200497,"December 25, 2022"
292,292,2005,Matt Boland,M. Boland,Matt,Boland,18,,22200497,"December 25, 2022"
293,293,202026,Karl Lane,K. Lane,Karl,Lane,77,,22200497,"December 25, 2022"
294,294,2530,Ed Malloy,E. Malloy,Ed,Malloy,14,,22200480,"December 23, 2022"
295,295,1627961,Brandon Adair,B. Adair,Brandon,Adair,67,,22200480,"December 23, 2022"
296,296,1628171,Brandon Schwab,B. Schwab,Brandon,Schwab,86,,22200480,"December 23, 2022"
297,297,2715,Eric Lewis,E. Lewis,Eric,Lewis,42,,22200485,"December 23, 2022"
298,298,1626302,Aaron Smith,A. Smith,Aaron,Smith,51,,22200485,"December 23, 2022"
299,299,1628954,Jenna Schroeder,J. Schroeder,Jenna,Schroeder,84,,22200485,"December 23, 2022"
300,300,101284,John Goble,J. Goble,John,Goble,10,,22200486,"December 23, 2022"
301,301,201638,Brent Barnaky,B. Barnaky,Brent,Barnaky,36,,22200486,"December 23, 2022"
302,302,1628159,Mousa Dagher,M. Dagher,Mousa,Dagher,28,,22200486,"December 23, 2022"
303,303,101283,Brian Forte,B. Forte,Brian,Forte,45,,22200487,"December 23, 2022"
304,304,200832,Curtis Blair,C. Blair,Curtis,Blair,74,,22200487,"December 23, 2022"
305,305,1627524,Nate Green,N. Green,Nate,Green,65,,22200487,"December 23, 2022"
306,306,202049,Ben Taylor,B. Taylor,Ben,Taylor,46,,22200488,"December 23, 2022"
307,307,204058,Gediminas Petraitis,G. Petraitis,Gediminas,Petraitis,50,,22200488,"December 23, 2022"
308,308,1626301,Jason Goldenberg,J. Goldenberg,Jason,Goldenberg,35,,22200488,"December 23, 2022"
309,309,2882,Sean Wright,S. Wright,Sean,Wright,4,,22200492,"December 23, 2022"
310,310,202053,Scott Twardoski,S. Twardoski,Scott,Twardoski,52,,22200492,"December 23, 2022"
311,311,1630886,Intae Hwang,I. Hwang,Intae,Hwang,96,,22200492,"December 23, 2022"
312,312,1151,Sean Corbin,S. Corbin,Sean,Corbin,33,,22200468,"December 21, 2022"
313,313,1627962,Jacyn Goble,J. Goble,Jacyn,Goble,68,,22200468,"December 21, 2022"
314,314,1628159,Mousa Dagher,M. Dagher,Mousa,Dagher,28,,22200468,"December 21, 2022"
315,315,201638,Brent Barnaky,B. Barnaky,Brent,Barnaky,36,,22200471,"December 21, 2022"
316,316,201639,Josh Tiven,J. Tiven,Josh,Tiven,58,,22200471,"December 21, 2022"
317,317,1628172,Evan Scott,E. Scott,Evan,Scott,78,,22200471,"December 21, 2022"
318,318,1148,James Capers,J. Capers,James,Capers,19,,22200473,"December 21, 2022"
319,319,2005,Matt Boland,M. Boland,Matt,Boland,18,,22200473,"December 21, 2022"
320,320,1628951,John Butler,J. Butler,John,Butler,30,,22200473,"December 21, 2022"
321,321,1179,Rodney Mott,R. Mott,Rodney,Mott,71,,22200474,"December 21, 2022"
322,322,1193,Michael Smith,M. Smith,Michael,Smith,38,,22200474,"December 21, 2022"
323,323,202056,CJ Washington,C. Washington,CJ,Washington,12,,22200474,"December 21, 2022"
324,324,101283,Brian Forte,B. Forte,Brian,Forte,45,,22200464,"December 20, 2022"
325,325,202058,James Williams,J. Williams,James,Williams,60,,22200464,"December 20, 2022"
326,326,1627961,Brandon Adair,B. Adair,Brandon,Adair,67,,22200464,"December 20, 2022"
327,327,2003,Pat Fraher,P. Fraher,Pat,Fraher,26,,22200453,"December 19, 2022"
328,328,202037,J.T. Orr,J. Orr,J.T.,Orr,72,,22200453,"December 19, 2022"
329,329,1628953,Ashley Moyer-Gleich,A. Moyer-Gleich,Ashley,Moyer-Gleich,13,,22200453,"December 19, 2022"
330,330,202026,Karl Lane,K. Lane,Karl,Lane,77,,22200454,"December 19, 2022"
331,331,1626302,Aaron Smith,A. Smith,Aaron,Smith,51,,22200454,"December 19, 2022"
332,332,1627524,Nate Green,N. Green,Nate,Green,65,,22200454,"December 19, 2022"
333,333,1146,Tony Brothers,T. Brothers,Tony,Brothers,25,,22200457,"December 19, 2022"
334,334,1626300,Ray Acosta,R. Acosta,Ray,Acosta,54,,22200457,"December 19, 2022"
335,335,1627519,John Conley,J. Conley,John,Conley,79,,22200457,"December 19, 2022"
336,336,1148,James Capers,J. Capers,James,Capers,19,,22200458,"December 19, 2022"
337,337,203054,Cheryl Flores,C. Flores,Cheryl,Flores,91,,22200458,"December 19, 2022"
338,338,203592,Dedric Taylor,D. Taylor,Dedric,Taylor,21,,22200458,"December 19, 2022"
339,339,2004,Courtney Kirkland,C. Kirkland,Courtney,Kirkland,61,,22200460,"December 19, 2022"
340,340,1627963,Phenizee Ransom,P. Ransom,Phenizee,Ransom,70,,22200460,"December 19, 2022"
341,341,1628951,John Butler,J. Butler,John,Butler,30,,22200460,"December 19, 2022"
342,342,2530,Ed Malloy,E. Malloy,Ed,Malloy,14,,22200445,"December 18, 2022"
343,343,201245,Marat Kogut,M. Kogut,Marat,Kogut,32,,22200445,"December 18, 2022"
344,344,1628484,Dannica Mosher,D. Mosher,Dannica,Mosher,89,,22200445,"December 18, 2022"
345,345,202027,Tre Maddox,T. Maddox,Tre,Maddox,23,,22200446,"December 18, 2022"
346,346,202901,Matt Myers,M. Myers,Matt,Myers,43,,22200446,"December 18, 2022"
347,347,203591,Mitchell Ervin,M. Ervin,Mitchell,Ervin,27,,22200446,"December 18, 2022"
348,348,201638,Brent Barnaky,B. Barnaky,Brent,Barnaky,36,,22200447,"December 18, 2022"
349,349,204059,Tyler Ford,T. Ford,Tyler,Ford,39,,22200447,"December 18, 2022"
350,350,1628954,Jenna Schroeder,J. Schroeder,Jenna,Schroeder,84,,22200447,"December 18, 2022"
351,351,1201,Leon Wood,L. Wood,Leon,Wood,40,,22200450,"December 18, 2022"
352,352,101283,Brian Forte,B. Forte,Brian,Forte,45,,22200450,"December 18, 2022"
353,353,1627961,Brandon Adair,B. Adair,Brandon,Adair,67,,22200450,"December 18, 2022"
354,354,1662,Bill Kennedy,B. Kennedy,Bill,Kennedy,55,,22200451,"December 18, 2022"
355,355,201246,Kevin Cutler,K. Cutler,Kevin,Cutler,34,,22200451,"December 18, 2022"
356,356,1627534,Andy Nagy,A. Nagy,Andy,Nagy,83,,22200451,"December 18, 2022"
357,357,2003,Pat Fraher,P. Fraher,Pat,Fraher,26,,22200440,"December 17, 2022"
358,358,201638,Brent Barnaky,B. Barnaky,Brent,Barnaky,36,,22200440,"December 17, 2022"
359,359,1629183,Pat O'Connell,P. O'Connell,Pat,O'Connell,90,,22200440,"December 17, 2022"
360,360,201639,Josh Tiven,J. Tiven,Josh,Tiven,58,,22200444,"December 17, 2022"
361,361,202035,Brett Nansel,B. Nansel,Brett,Nansel,44,,22200444,"December 17, 2022"
362,362,1627534,Andy Nagy,A. Nagy,Andy,Nagy,83,,22200444,"December 17, 2022"
363,363,2715,Eric Lewis,E. Lewis,Eric,Lewis,42,,22200431,"December 16, 2022"
364,364,202053,Scott Twardoski,S. Twardoski,Scott,Twardoski,52,,22200431,"December 16, 2022"
365,365,1628954,Jenna Schroeder,J. Schroeder,Jenna,Schroeder,84,,22200431,"December 16, 2022"
366,366,2882,Sean Wright,S. Wright,Sean,Wright,4,,22200433,"December 16, 2022"
367,367,202007,Nick Buchert,N. Buchert,Nick,Buchert,3,,22200433,"December 16, 2022"
368,368,1626301,Jason Goldenberg,J. Goldenberg,Jason,Goldenberg,35,,22200433,"December 16, 2022"
369,369,101283,Brian Forte,B. Forte,Brian,Forte,45,,22200435,"December 16, 2022"
370,370,202037,J.T. Orr,J. Orr,J.T.,Orr,72,,22200435,"December 16, 2022"
371,371,203593,Justin Van Duyne,J. Van Duyne,Justin,Van Duyne,64,,22200435,"December 16, 2022"
372,372,101283,Brian Forte,B. Forte,Brian,Forte,45,,22200424,"December 15, 2022"
373,373,203054,Cheryl Flores,C. Flores,Cheryl,Flores,91,,22200424,"December 15, 2022"
374,374,203592,Dedric Taylor,D. Taylor,Dedric,Taylor,21,,22200424,"December 15, 2022"
375,375,2004,Courtney Kirkland,C. Kirkland,Courtney,Kirkland,61,,22200426,"December 15, 2022"
376,376,203591,Mitchell Ervin,M. Ervin,Mitchell,Ervin,27,,22200426,"December 15, 2022"
377,377,1629178,Sha'Rae Mitchell,S. Mitchell,Sha'Rae,Mitchell,98,,22200426,"December 15, 2022"
378,378,2714,David Guthrie,D. Guthrie,David,Guthrie,16,,22200414,"December 14, 2022"
379,379,200832,Curtis Blair,C. Blair,Curtis,Blair,74,,22200414,"December 14, 2022"
380,380,1628485,Jamahl Ralls,J. Ralls,Jamahl,Ralls,94,,22200414,"December 14, 2022"
381,381,202007,Nick Buchert,N. Buchert,Nick,Buchert,3,,22200415,"December 14, 2022"
382,382,204059,Tyler Ford,T. Ford,Tyler,Ford,39,,22200415,"December 14, 2022"
383,383,1626301,Jason Goldenberg,J. Goldenberg,Jason,Goldenberg,35,,22200415,"December 14, 2022"
384,384,2534,Zach Zarba,Z. Zarba,Zach,Zarba,15,,22200417,"December 14, 2022"
385,385,202026,Karl Lane,K. Lane,Karl,Lane,77,,22200417,"December 14, 2022"
386,386,1629175,Brent Haskill,B. Haskill,Brent,Haskill,92,,22200417,"December 14, 2022"
387,387,201246,Kevin Cutler,K. Cutler,Kevin,Cutler,34,,22200418,"December 14, 2022"
388,388,202056,CJ Washington,C. Washington,CJ,Washington,12,,22200418,"December 14, 2022"
389,389,202058,James Williams,J. Williams,James,Williams,60,,22200418,"December 14, 2022"
390,390,1201,Leon Wood,L. Wood,Leon,Wood,40,,22200419,"December 14, 2022"
391,391,2530,Ed Malloy,E. Malloy,Ed,Malloy,14,,22200419,"December 14, 2022"
392,392,201638,Brent Barnaky,B. Barnaky,Brent,Barnaky,36,,22200419,"December 14, 2022"
393,393,101284,John Goble,J. Goble,John,Goble,10,,22200413,"December 13, 2022"
394,394,202901,Matt Myers,M. Myers,Matt,Myers,43,,22200413,"December 13, 2022"
395,395,203591,Mitchell Ervin,M. Ervin,Mitchell,Ervin,27,,22200413,"December 13, 2022"
396,396,1193,Michael Smith,M. Smith,Michael,Smith,38,,22200406,"December 12, 2022"
397,397,204058,Gediminas Petraitis,G. Petraitis,Gediminas,Petraitis,50,,22200406,"December 12, 2022"
398,398,1627964,Jonathan Sterling,J. Sterling,Jonathan,Sterling,17,,22200406,"December 12, 2022"
399,399,1155,JB DeRosa,J. DeRosa,JB,DeRosa,22,,22200395,"December 11, 2022"
400,400,202053,Scott Twardoski,S. Twardoski,Scott,Twardoski,52,,22200395,"December 11, 2022"
401,401,204059,Tyler Ford,T. Ford,Tyler,Ford,39,,22200395,"December 11, 2022"
402,402,101283,Brian Forte,B. Forte,Brian,Forte,45,,22200396,"December 11, 2022"
403,403,202041,Kevin Scott,K. Scott,Kevin,Scott,24,,22200396,"December 11, 2022"
404,404,1627539,Tyler Ricks,T. Ricks,Tyler,Ricks,95,,22200396,"December 11, 2022"
405,405,2530,Ed Malloy,E. Malloy,Ed,Malloy,14,,22200400,"December 11, 2022"
406,406,200832,Curtis Blair,C. Blair,Curtis,Blair,74,,22200400,"December 11, 2022"
407,407,1628485,Jamahl Ralls,J. Ralls,Jamahl,Ralls,94,,22200400,"December 11, 2022"
408,408,101284,John Goble,J. Goble,John,Goble,10,,22200401,"December 11, 2022"
409,409,200833,Eric Dalen,E. Dalen,Eric,Dalen,37,,22200401,"December 11, 2022"
410,410,1628951,John Butler,J. Butler,John,Butler,30,,22200401,"December 11, 2022"
411,411,202049,Ben Taylor,B. Taylor,Ben,Taylor,46,,22200387,"December 10, 2022"
412,412,1627541,Natalie Sago,N. Sago,Natalie,Sago,9,,22200387,"December 10, 2022"
413,413,1628171,Brandon Schwab,B. Schwab,Brandon,Schwab,86,,22200387,"December 10, 2022"
414,414,2714,David Guthrie,D. Guthrie,David,Guthrie,16,,22200388,"December 10, 2022"
415,415,202035,Brett Nansel,B. Nansel,Brett,Nansel,44,,22200388,"December 10, 2022"
416,416,1628159,Mousa Dagher,M. Dagher,Mousa,Dagher,28,,22200388,"December 10, 2022"
417,417,202026,Karl Lane,K. Lane,Karl,Lane,77,,22200389,"December 10, 2022"
418,418,203177,Lauren Holtkamp,L. Holtkamp,Lauren,Holtkamp,7,,22200389,"December 10, 2022"
419,419,1627534,Andy Nagy,A. Nagy,Andy,Nagy,83,,22200389,"December 10, 2022"
420,420,202027,Tre Maddox,T. Maddox,Tre,Maddox,23,,22200393,"December 10, 2022"
421,421,203593,Justin Van Duyne,J. Van Duyne,Justin,Van Duyne,64,,22200393,"December 10, 2022"
422,422,1627526,Matt Kallio,M. Kallio,Matt,Kallio,88,,22200393,"December 10, 2022"
423,423,1148,James Capers,J. Capers,James,Capers,19,,22200379,"December 09, 2022"
424,424,200832,Curtis Blair,C. Blair,Curtis,Blair,74,,22200379,"December 09, 2022"
425,425,1628480,Robert Hussey,R. Hussey,Robert,Hussey,85,,22200379,"December 09, 2022"
426,426,1179,Rodney Mott,R. Mott,Rodney,Mott,71,,22200380,"December 09, 2022"
427,427,2882,Sean Wright,S. Wright,Sean,Wright,4,,22200380,"December 09, 2022"
428,428,202056,CJ Washington,C. Washington,CJ,Washington,12,,22200380,"December 09, 2022"
429,429,201639,Josh Tiven,J. Tiven,Josh,Tiven,58,,22200381,"December 09, 2022"
430,430,202035,Brett Nansel,B. Nansel,Brett,Nansel,44,,22200381,"December 09, 2022"
431,431,202037,J.T. Orr,J. Orr,J.T.,Orr,72,,22200381,"December 09, 2022"
432,432,1151,Sean Corbin,S. Corbin,Sean,Corbin,33,,22200382,"December 09, 2022"
433,433,2005,Matt Boland,M. Boland,Matt,Boland,18,,22200382,"December 09, 2022"
434,434,202058,James Williams,J. Williams,James,Williams,60,,22200382,"December 09, 2022"
435,435,202041,Kevin Scott,K. Scott,Kevin,Scott,24,,22200386,"December 09, 2022"
436,436,202053,Scott Twardoski,S. Twardoski,Scott,Twardoski,52,,22200386,"December 09, 2022"
437,437,204059,Tyler Ford,T. Ford,Tyler,Ford,39,,22200386,"December 09, 2022"
438,438,200832,Curtis Blair,C. Blair,Curtis,Blair,74,,22200374,"December 08, 2022"
439,439,203593,Justin Van Duyne,J. Van Duyne,Justin,Van Duyne,64,,22200374,"December 08, 2022"
440,440,1627519,John Conley,J. Conley,John,Conley,79,,22200374,"December 08, 2022"
441,441,1155,JB DeRosa,J. DeRosa,JB,DeRosa,22,,22200376,"December 08, 2022"
442,442,1830,Marc Davis,M. Davis,Marc,Davis,8,,22200376,"December 08, 2022"
443,443,1627963,Phenizee Ransom,P. Ransom,Phenizee,Ransom,70,,22200376,"December 08, 2022"
444,444,1162,Scott Foster,S. Foster,Scott,Foster,48,,22200363,"December 07, 2022"
445,445,202027,Tre Maddox,T. Maddox,Tre,Maddox,23,,22200363,"December 07, 2022"
446,446,1628484,Dannica Mosher,D. Mosher,Dannica,Mosher,89,,22200363,"December 07, 2022"
447,447,202058,James Williams,J. Williams,James,Williams,60,,22200364,"December 07, 2022"
448,448,202901,Matt Myers,M. Myers,Matt,Myers,43,,22200364,"December 07, 2022"
449,449,204058,Gediminas Petraitis,G. Petraitis,Gediminas,Petraitis,50,,22200364,"December 07, 2022"
450,450,201639,Josh Tiven,J. Tiven,Josh,Tiven,58,,22200367,"December 07, 2022"
451,451,1627526,Matt Kallio,M. Kallio,Matt,Kallio,88,,22200367,"December 07, 2022"
452,452,1628953,Ashley Moyer-Gleich,A. Moyer-Gleich,Ashley,Moyer-Gleich,13,,22200367,"December 07, 2022"
453,453,2530,Ed Malloy,E. Malloy,Ed,Malloy,14,,22200370,"December 07, 2022"
454,454,202049,Ben Taylor,B. Taylor,Ben,Taylor,46,,22200370,"December 07, 2022"
455,455,1627961,Brandon Adair,B. Adair,Brandon,Adair,67,,22200370,"December 07, 2022"
456,456,1148,James Capers,J. Capers,James,Capers,19,,22200371,"December 07, 2022"
457,457,202026,Karl Lane,K. Lane,Karl,Lane,77,,22200371,"December 07, 2022"
458,458,202056,CJ Washington,C. Washington,CJ,Washington,12,,22200371,"December 07, 2022"
459,459,1155,JB DeRosa,J. DeRosa,JB,DeRosa,22,,22200372,"December 07, 2022"
460,460,1830,Marc Davis,M. Davis,Marc,Davis,8,,22200372,"December 07, 2022"
461,461,1627963,Phenizee Ransom,P. Ransom,Phenizee,Ransom,70,,22200372,"December 07, 2022"
462,462,2715,Eric Lewis,E. Lewis,Eric,Lewis,42,,22200362,"December 06, 2022"
463,463,202007,Nick Buchert,N. Buchert,Nick,Buchert,3,,22200362,"December 06, 2022"
464,464,1626300,Ray Acosta,R. Acosta,Ray,Acosta,54,,22200362,"December 06, 2022"
465,465,1198,Scott Wall,S. Wall,Scott,Wall,31,,22200352,"December 05, 2022"
466,466,2003,Pat Fraher,P. Fraher,Pat,Fraher,26,,22200352,"December 05, 2022"
467,467,203591,Mitchell Ervin,M. Ervin,Mitchell,Ervin,27,,22200352,"December 05, 2022"
468,468,1146,Tony Brothers,T. Brothers,Tony,Brothers,25,,22200356,"December 05, 2022"
469,469,1627962,Jacyn Goble,J. Goble,Jacyn,Goble,68,,22200356,"December 05, 2022"
470,470,1629183,Pat O'Connell,P. O'Connell,Pat,O'Connell,90,,22200356,"December 05, 2022"
471,471,1146,Tony Brothers,T. Brothers,Tony,Brothers,25,,22200343,"December 03, 2022"
472,472,202026,Karl Lane,K. Lane,Karl,Lane,77,,22200343,"December 03, 2022"
473,473,29032,Intae Hwang,I. Hwang,Intae,Hwang,96,,22200343,"December 03, 2022"
474,474,1830,Marc Davis,M. Davis,Marc,Davis,8,,22200326,"December 02, 2022"
475,475,202049,Ben Taylor,B. Taylor,Ben,Taylor,46,,22200326,"December 02, 2022"
476,476,203592,Dedric Taylor,D. Taylor,Dedric,Taylor,21,,22200326,"December 02, 2022"
477,477,101284,John Goble,J. Goble,John,Goble,10,,22200328,"December 02, 2022"
478,478,202053,Scott Twardoski,S. Twardoski,Scott,Twardoski,52,,22200328,"December 02, 2022"
479,479,1628159,Mousa Dagher,M. Dagher,Mousa,Dagher,28,,22200328,"December 02, 2022"
480,480,2534,Zach Zarba,Z. Zarba,Zach,Zarba,15,,22200331,"December 02, 2022"
481,481,201245,Marat Kogut,M. Kogut,Marat,Kogut,32,,22200331,"December 02, 2022"
482,482,204058,Gediminas Petraitis,G. Petraitis,Gediminas,Petraitis,50,,22200331,"December 02, 2022"
483,483,1148,James Capers,J. Capers,James,Capers,19,,22200334,"December 02, 2022"
484,484,2005,Matt Boland,M. Boland,Matt,Boland,18,,22200334,"December 02, 2022"
485,485,1628482,Tyler Mirkovich,T. Mirkovich,Tyler,Mirkovich,97,,22200334,"December 02, 2022"
486,486,2003,Pat Fraher,P. Fraher,Pat,Fraher,26,,22200325,"December 01, 2022"
487,487,204058,Gediminas Petraitis,G. Petraitis,Gediminas,Petraitis,50,,22200325,"December 01, 2022"
488,488,1628168,Jenna Reneau,J. Reneau,Jenna,Reneau,93,,22200325,"December 01, 2022"
489,489,1662,Bill Kennedy,B. Kennedy,Bill,Kennedy,55,,22200316,"November 30, 2022"
490,490,1627961,Brandon Adair,B. Adair,Brandon,Adair,67,,22200316,"November 30, 2022"
491,491,1628484,Dannica Mosher,D. Mosher,Dannica,Mosher,89,,22200316,"November 30, 2022"
492,492,2005,Matt Boland,M. Boland,Matt,Boland,18,,22200319,"November 30, 2022"
493,493,2715,Eric Lewis,E. Lewis,Eric,Lewis,42,,22200319,"November 30, 2022"
494,494,203592,Dedric Taylor,D. Taylor,Dedric,Taylor,21,,22200319,"November 30, 2022"
495,495,1151,Sean Corbin,S. Corbin,Sean,Corbin,33,,22200310,"November 29, 2022"
496,496,2005,Matt Boland,M. Boland,Matt,Boland,18,,22200310,"November 29, 2022"
497,497,101284,John Goble,J. Goble,John,Goble,10,,22200310,"November 29, 2022"
498,498,2882,Sean Wright,S. Wright,Sean,Wright,4,,22200311,"November 29, 2022"
499,499,202037,J.T. Orr,J. Orr,J.T.,Orr,72,,22200311,"November 29, 2022"
500,500,203593,Justin Van Duyne,J. Van Duyne,Justin,Van Duyne,64,,22200311,"November 29, 2022"
501,501,1662,Bill Kennedy,B. Kennedy,Bill,Kennedy,55,,22200299,"November 28, 2022"
502,502,201245,Marat Kogut,M. Kogut,Marat,Kogut,32,,22200299,"November 28, 2022"
503,503,1627961,Brandon Adair,B. Adair,Brandon,Adair,67,,22200299,"November 28, 2022"
504,504,202058,James Williams,J. Williams,James,Williams,60,,22200304,"November 28, 2022"
505,505,202901,Matt Myers,M. Myers,Matt,Myers,43,,22200304,"November 28, 2022"
506,506,204058,Gediminas Petraitis,G. Petraitis,Gediminas,Petraitis,50,,22200304,"November 28, 2022"
507,507,2534,Zach Zarba,Z. Zarba,Zach,Zarba,15,,22200307,"November 28, 2022"
508,508,101283,Brian Forte,B. Forte,Brian,Forte,45,,22200307,"November 28, 2022"
509,509,203593,Justin Van Duyne,J. Van Duyne,Justin,Van Duyne,64,,22200307,"November 28, 2022"
510,510,2714,David Guthrie,D. Guthrie,David,Guthrie,16,,22200308,"November 28, 2022"
511,511,203591,Mitchell Ervin,M. Ervin,Mitchell,Ervin,27,,22200308,"November 28, 2022"
512,512,1627526,Matt Kallio,M. Kallio,Matt,Kallio,88,,22200308,"November 28, 2022"
513,513,1146,Tony Brothers,T. Brothers,Tony,Brothers,25,,22200296,"November 27, 2022"
514,514,202007,Nick Buchert,N. Buchert,Nick,Buchert,3,,22200296,"November 27, 2022"
515,515,1627964,Jonathan Sterling,J. Sterling,Jonathan,Sterling,17,,22200296,"November 27, 2022"
516,516,1662,Bill Kennedy,B. Kennedy,Bill,Kennedy,55,,22200286,"November 26, 2022"
517,517,201638,Brent Barnaky,B. Barnaky,Brent,Barnaky,36,,22200286,"November 26, 2022"
518,518,1628951,John Butler,J. Butler,John,Butler,30,,22200286,"November 26, 2022"
519,519,2714,David Guthrie,D. Guthrie,David,Guthrie,16,,22200289,"November 26, 2022"
520,520,202053,Scott Twardoski,S. Twardoski,Scott,Twardoski,52,,22200289,"November 26, 2022"
521,521,204058,Gediminas Petraitis,G. Petraitis,Gediminas,Petraitis,50,,22200289,"November 26, 2022"
522,522,1162,Scott Foster,S. Foster,Scott,Foster,48,,22200272,"November 25, 2022"
523,523,2005,Matt Boland,M. Boland,Matt,Boland,18,,22200272,"November 25, 2022"
524,524,1630886,Intae Hwang,I. Hwang,Intae,Hwang,96,,22200272,"November 25, 2022"
525,525,2003,Pat Fraher,P. Fraher,Pat,Fraher,26,,22200274,"November 25, 2022"
526,526,200832,Curtis Blair,C. Blair,Curtis,Blair,74,,22200274,"November 25, 2022"
527,527,202056,CJ Washington,C. Washington,CJ,Washington,12,,22200274,"November 25, 2022"
528,528,1151,Sean Corbin,S. Corbin,Sean,Corbin,33,,22200277,"November 25, 2022"
529,529,202026,Karl Lane,K. Lane,Karl,Lane,77,,22200277,"November 25, 2022"
530,530,1628487,Danielle Scott,D. Scott,Danielle,Scott,87,,22200277,"November 25, 2022"
531,531,200833,Eric Dalen,E. Dalen,Eric,Dalen,37,,22200278,"November 25, 2022"
532,532,203591,Mitchell Ervin,M. Ervin,Mitchell,Ervin,27,,22200278,"November 25, 2022"
533,533,1627524,Nate Green,N. Green,Nate,Green,65,,22200278,"November 25, 2022"
534,534,101283,Brian Forte,B. Forte,Brian,Forte,45,,22200281,"November 25, 2022"
535,535,1627526,Matt Kallio,M. Kallio,Matt,Kallio,88,,22200281,"November 25, 2022"
536,536,1627962,Jacyn Goble,J. Goble,Jacyn,Goble,68,,22200281,"November 25, 2022"
537,537,1201,Leon Wood,L. Wood,Leon,Wood,40,,22200283,"November 25, 2022"
538,538,202027,Tre Maddox,T. Maddox,Tre,Maddox,23,,22200283,"November 25, 2022"
539,539,1628159,Mousa Dagher,M. Dagher,Mousa,Dagher,28,,22200283,"November 25, 2022"
540,540,2714,David Guthrie,D. Guthrie,David,Guthrie,16,,22200260,"November 23, 2022"
541,541,1626302,Aaron Smith,A. Smith,Aaron,Smith,51,,22200260,"November 23, 2022"
542,542,1627963,Phenizee Ransom,P. Ransom,Phenizee,Ransom,70,,22200260,"November 23, 2022"
543,543,2004,Courtney Kirkland,C. Kirkland,Courtney,Kirkland,61,,22200267,"November 23, 2022"
544,544,202037,J.T. Orr,J. Orr,J.T.,Orr,72,,22200267,"November 23, 2022"
545,545,203593,Justin Van Duyne,J. Van Duyne,Justin,Van Duyne,64,,22200267,"November 23, 2022"
546,546,1151,Sean Corbin,S. Corbin,Sean,Corbin,33,,22200268,"November 23, 2022"
547,547,203591,Mitchell Ervin,M. Ervin,Mitchell,Ervin,27,,22200268,"November 23, 2022"
548,548,1628171,Brandon Schwab,B. Schwab,Brandon,Schwab,86,,22200268,"November 23, 2022"
549,549,2003,Pat Fraher,P. Fraher,Pat,Fraher,26,,22200257,"November 22, 2022"
550,550,202053,Scott Twardoski,S. Twardoski,Scott,Twardoski,52,,22200257,"November 22, 2022"
551,551,202056,CJ Washington,C. Washington,CJ,Washington,12,,22200257,"November 22, 2022"
552,552,202058,James Williams,J. Williams,James,Williams,60,,22200258,"November 22, 2022"
553,553,203177,Lauren Holtkamp,L. Holtkamp,Lauren,Holtkamp,7,,22200258,"November 22, 2022"
554,554,1627524,Nate Green,N. Green,Nate,Green,65,,22200258,"November 22, 2022"
555,555,200832,Curtis Blair,C. Blair,Curtis,Blair,74,,22200252,"November 21, 2022"
556,556,202007,Nick Buchert,N. Buchert,Nick,Buchert,3,,22200252,"November 21, 2022"
557,557,1627519,John Conley,J. Conley,John,Conley,79,,22200252,"November 21, 2022"
558,558,101284,John Goble,J. Goble,John,Goble,10,,22200241,"November 20, 2022"
559,559,200833,Eric Dalen,E. Dalen,Eric,Dalen,37,,22200241,"November 20, 2022"
560,560,1628172,Evan Scott,E. Scott,Evan,Scott,78,,22200241,"November 20, 2022"
561,561,1830,Marc Davis,M. Davis,Marc,Davis,8,,22200242,"November 20, 2022"
562,562,1627964,Jonathan Sterling,J. Sterling,Jonathan,Sterling,17,,22200242,"November 20, 2022"
563,563,1628953,Ashley Moyer-Gleich,A. Moyer-Gleich,Ashley,Moyer-Gleich,13,,22200242,"November 20, 2022"
564,564,2714,David Guthrie,D. Guthrie,David,Guthrie,16,,22200245,"November 20, 2022"
565,565,202053,Scott Twardoski,S. Twardoski,Scott,Twardoski,52,,22200245,"November 20, 2022"
566,566,1627534,Andy Nagy,A. Nagy,Andy,Nagy,83,,22200245,"November 20, 2022"
567,567,1179,Rodney Mott,R. Mott,Rodney,Mott,71,,22200246,"November 20, 2022"
568,568,1201,Leon Wood,L. Wood,Leon,Wood,40,,22200246,"November 20, 2022"
569,569,2882,Sean Wright,S. Wright,Sean,Wright,4,,22200246,"November 20, 2022"
570,570,1151,Sean Corbin,S. Corbin,Sean,Corbin,33,,22200235,"November 19, 2022"
571,571,202049,Ben Taylor,B. Taylor,Ben,Taylor,46,,22200235,"November 19, 2022"
572,572,203177,Lauren Holtkamp,L. Holtkamp,Lauren,Holtkamp,7,,22200235,"November 19, 2022"
573,573,2003,Pat Fraher,P. Fraher,Pat,Fraher,26,,22200236,"November 19, 2022"
574,574,202007,Nick Buchert,N. Buchert,Nick,Buchert,3,,22200236,"November 19, 2022"
575,575,1628954,Jenna Schroeder,J. Schroeder,Jenna,Schroeder,84,,22200236,"November 19, 2022"
576,576,201639,Josh Tiven,J. Tiven,Josh,Tiven,58,,22200237,"November 19, 2022"
577,577,1627541,Natalie Sago,N. Sago,Natalie,Sago,9,,22200237,"November 19, 2022"
578,578,1628171,Brandon Schwab,B. Schwab,Brandon,Schwab,86,,22200237,"November 19, 2022"
579,579,1204,Derek Richardson,D. Richardson,Derek,Richardson,63,,22200238,"November 19, 2022"
580,580,200832,Curtis Blair,C. Blair,Curtis,Blair,74,,22200238,"November 19, 2022"
581,581,203054,Cheryl Flores,C. Flores,Cheryl,Flores,91,,22200238,"November 19, 2022"
582,582,202041,Kevin Scott,K. Scott,Kevin,Scott,24,,22200224,"November 18, 2022"
583,583,1627541,Natalie Sago,N. Sago,Natalie,Sago,9,,22200224,"November 18, 2022"
584,584,1628482,Tyler Mirkovich,T. Mirkovich,Tyler,Mirkovich,97,,22200224,"November 18, 2022"
585,585,1155,JB DeRosa,J. DeRosa,JB,DeRosa,22,,22200225,"November 18, 2022"
586,586,1662,Bill Kennedy,B. Kennedy,Bill,Kennedy,55,,22200225,"November 18, 2022"
587,587,2005,Matt Boland,M. Boland,Matt,Boland,18,,22200225,"November 18, 2022"
588,588,1198,Scott Wall,S. Wall,Scott,Wall,31,,22200227,"November 18, 2022"
589,589,2714,David Guthrie,D. Guthrie,David,Guthrie,16,,22200227,"November 18, 2022"
590,590,203592,Dedric Taylor,D. Taylor,Dedric,Taylor,21,,22200227,"November 18, 2022"
591,591,2715,Eric Lewis,E. Lewis,Eric,Lewis,42,,22200232,"November 18, 2022"
592,592,1628484,Dannica Mosher,D. Mosher,Dannica,Mosher,89,,22200232,"November 18, 2022"
593,593,1628953,Ashley Moyer-Gleich,A. Moyer-Gleich,Ashley,Moyer-Gleich,13,,22200232,"November 18, 2022"
594,594,202058,James Williams,J. Williams,James,Williams,60,,22200221,"November 17, 2022"
595,595,1626302,Aaron Smith,A. Smith,Aaron,Smith,51,,22200221,"November 17, 2022"
596,596,1628951,John Butler,J. Butler,John,Butler,30,,22200221,"November 17, 2022"
597,597,1662,Bill Kennedy,B. Kennedy,Bill,Kennedy,55,,22200213,"November 16, 2022"
598,598,202035,Brett Nansel,B. Nansel,Brett,Nansel,44,,22200213,"November 16, 2022"
599,599,1628159,Mousa Dagher,M. Dagher,Mousa,Dagher,28,,22200213,"November 16, 2022"
600,600,2715,Eric Lewis,E. Lewis,Eric,Lewis,42,,22200219,"November 16, 2022"
601,601,203054,Cheryl Flores,C. Flores,Cheryl,Flores,91,,22200219,"November 16, 2022"
602,602,1628953,Ashley Moyer-Gleich,A. Moyer-Gleich,Ashley,Moyer-Gleich,13,,22200219,"November 16, 2022"
603,603,200832,Curtis Blair,C. Blair,Curtis,Blair,74,,22200207,"November 15, 2022"
604,604,201638,Brent Barnaky,B. Barnaky,Brent,Barnaky,36,,22200207,"November 15, 2022"
605,605,1628954,Jenna Schroeder,J. Schroeder,Jenna,Schroeder,84,,22200207,"November 15, 2022"
606,606,2714,David Guthrie,D. Guthrie,David,Guthrie,16,,22200209,"November 15, 2022"
607,607,202053,Scott Twardoski,S. Twardoski,Scott,Twardoski,52,,22200209,"November 15, 2022"
608,608,1627519,John Conley,J. Conley,John,Conley,79,,22200209,"November 15, 2022"
609,609,2003,Pat Fraher,P. Fraher,Pat,Fraher,26,,22200199,"November 14, 2022"
610,610,101283,Brian Forte,B. Forte,Brian,Forte,45,,22200199,"November 14, 2022"
611,611,1628159,Mousa Dagher,M. Dagher,Mousa,Dagher,28,,22200199,"November 14, 2022"
612,612,101284,John Goble,J. Goble,John,Goble,10,,22200201,"November 14, 2022"
613,613,203177,Lauren Holtkamp,L. Holtkamp,Lauren,Holtkamp,7,,22200201,"November 14, 2022"
614,614,1627534,Andy Nagy,A. Nagy,Andy,Nagy,83,,22200201,"November 14, 2022"
615,615,1148,James Capers,J. Capers,James,Capers,19,,22200202,"November 14, 2022"
616,616,203592,Dedric Taylor,D. Taylor,Dedric,Taylor,21,,22200202,"November 14, 2022"
617,617,1627524,Nate Green,N. Green,Nate,Green,65,,22200202,"November 14, 2022"
618,618,200833,Eric Dalen,E. Dalen,Eric,Dalen,37,,22200193,"November 13, 2022"
619,619,202026,Karl Lane,K. Lane,Karl,Lane,77,,22200193,"November 13, 2022"
620,620,1627526,Matt Kallio,M. Kallio,Matt,Kallio,88,,22200193,"November 13, 2022"
621,621,2003,Pat Fraher,P. Fraher,Pat,Fraher,26,,22200195,"November 13, 2022"
622,622,202035,Brett Nansel,B. Nansel,Brett,Nansel,44,,22200195,"November 13, 2022"
623,623,1627961,Brandon Adair,B. Adair,Brandon,Adair,67,,22200195,"November 13, 2022"
624,624,202049,Ben Taylor,B. Taylor,Ben,Taylor,46,,22200190,"November 12, 2022"
625,625,203592,Dedric Taylor,D. Taylor,Dedric,Taylor,21,,22200190,"November 12, 2022"
626,626,1627524,Nate Green,N. Green,Nate,Green,65,,22200190,"November 12, 2022"
627,627,203591,Mitchell Ervin,M. Ervin,Mitchell,Ervin,27,,22200191,"November 12, 2022"
628,628,1626301,Jason Goldenberg,J. Goldenberg,Jason,Goldenberg,35,,22200191,"November 12, 2022"
629,629,1626302,Aaron Smith,A. Smith,Aaron,Smith,51,,22200191,"November 12, 2022"
630,630,2714,David Guthrie,D. Guthrie,David,Guthrie,16,,22200182,"November 11, 2022"
631,631,101283,Brian Forte,B. Forte,Brian,Forte,45,,22200182,"November 11, 2022"
632,632,202901,Matt Myers,M. Myers,Matt,Myers,43,,22200182,"November 11, 2022"
633,633,1179,Rodney Mott,R. Mott,Rodney,Mott,71,,22200183,"November 11, 2022"
634,634,203593,Justin Van Duyne,J. Van Duyne,Justin,Van Duyne,64,,22200183,"November 11, 2022"
635,635,1628159,Mousa Dagher,M. Dagher,Mousa,Dagher,28,,22200183,"November 11, 2022"
636,636,1198,Scott Wall,S. Wall,Scott,Wall,31,,22200174,"November 10, 2022"
637,637,203591,Mitchell Ervin,M. Ervin,Mitchell,Ervin,27,,22200174,"November 10, 2022"
638,638,1627962,Jacyn Goble,J. Goble,Jacyn,Goble,68,,22200174,"November 10, 2022"
639,639,203592,Dedric Taylor,D. Taylor,Dedric,Taylor,21,,22200160,"November 09, 2022"
640,640,204059,Tyler Ford,T. Ford,Tyler,Ford,39,,22200160,"November 09, 2022"
641,641,1627964,Jonathan Sterling,J. Sterling,Jonathan,Sterling,17,,22200160,"November 09, 2022"
642,642,202007,Nick Buchert,N. Buchert,Nick,Buchert,3,,22200166,"November 09, 2022"
643,643,202026,Karl Lane,K. Lane,Karl,Lane,77,,22200166,"November 09, 2022"
644,644,1627961,Brandon Adair,B. Adair,Brandon,Adair,67,,22200166,"November 09, 2022"
645,645,2003,Pat Fraher,P. Fraher,Pat,Fraher,26,,22200168,"November 09, 2022"
646,646,1627541,Natalie Sago,N. Sago,Natalie,Sago,9,,22200168,"November 09, 2022"
647,647,1628487,Danielle Scott,D. Scott,Danielle,Scott,87,,22200168,"November 09, 2022"
648,648,1155,JB DeRosa,J. DeRosa,JB,DeRosa,22,,22200169,"November 09, 2022"
649,649,101284,John Goble,J. Goble,John,Goble,10,,22200169,"November 09, 2022"
650,650,1629183,Pat O'Connell,P. O'Connell,Pat,O'Connell,90,,22200169,"November 09, 2022"
651,651,1151,Sean Corbin,S. Corbin,Sean,Corbin,33,,22200171,"November 09, 2022"
652,652,202049,Ben Taylor,B. Taylor,Ben,Taylor,46,,22200171,"November 09, 2022"
653,653,1628480,Robert Hussey,R. Hussey,Robert,Hussey,85,,22200171,"November 09, 2022"
654,654,1201,Leon Wood,L. Wood,Leon,Wood,40,,22200150,"November 07, 2022"
655,655,202058,James Williams,J. Williams,James,Williams,60,,22200150,"November 07, 2022"
656,656,1627963,Phenizee Ransom,P. Ransom,Phenizee,Ransom,70,,22200150,"November 07, 2022"
657,657,1148,James Capers,J. Capers,James,Capers,19,,22200152,"November 07, 2022"
658,658,200833,Eric Dalen,E. Dalen,Eric,Dalen,37,,22200152,"November 07, 2022"
659,659,1628159,Mousa Dagher,M. Dagher,Mousa,Dagher,28,,22200152,"November 07, 2022"
660,660,101283,Brian Forte,B. Forte,Brian,Forte,45,,22200154,"November 07, 2022"
661,661,202007,Nick Buchert,N. Buchert,Nick,Buchert,3,,22200154,"November 07, 2022"
662,662,202901,Matt Myers,M. Myers,Matt,Myers,43,,22200154,"November 07, 2022"
663,663,2004,Courtney Kirkland,C. Kirkland,Courtney,Kirkland,61,,22200155,"November 07, 2022"
664,664,203593,Justin Van Duyne,J. Van Duyne,Justin,Van Duyne,64,,22200155,"November 07, 2022"
665,665,1627964,Jonathan Sterling,J. Sterling,Jonathan,Sterling,17,,22200155,"November 07, 2022"
666,666,2003,Pat Fraher,P. Fraher,Pat,Fraher,26,,22200156,"November 07, 2022"
667,667,1627526,Matt Kallio,M. Kallio,Matt,Kallio,88,,22200156,"November 07, 2022"
668,668,1627541,Natalie Sago,N. Sago,Natalie,Sago,9,,22200156,"November 07, 2022"
669,669,201639,Josh Tiven,J. Tiven,Josh,Tiven,58,,22200158,"November 07, 2022"
670,670,202035,Brett Nansel,B. Nansel,Brett,Nansel,44,,22200158,"November 07, 2022"
671,671,1628172,Evan Scott,E. Scott,Evan,Scott,78,,22200158,"November 07, 2022"
672,672,1201,Leon Wood,L. Wood,Leon,Wood,40,,22200132,"November 05, 2022"
673,673,2714,David Guthrie,D. Guthrie,David,Guthrie,16,,22200132,"November 05, 2022"
674,674,203177,Lauren Holtkamp,L. Holtkamp,Lauren,Holtkamp,7,,22200132,"November 05, 2022"
675,675,200832,Curtis Blair,C. Blair,Curtis,Blair,74,,22200133,"November 05, 2022"
676,676,204058,Gediminas Petraitis,G. Petraitis,Gediminas,Petraitis,50,,22200133,"November 05, 2022"
677,677,1628484,Dannica Mosher,D. Mosher,Dannica,Mosher,89,,22200133,"November 05, 2022"
678,678,1155,JB DeRosa,J. DeRosa,JB,DeRosa,62,,22200134,"November 05, 2022"
679,679,1162,Scott Foster,S. Foster,Scott,Foster,48,,22200134,"November 05, 2022"
680,680,1628480,Robert Hussey,R. Hussey,Robert,Hussey,85,,22200134,"November 05, 2022"
681,681,1155,JB DeRosa,J. DeRosa,JB,DeRosa,62,,22200121,"November 04, 2022"
682,682,2530,Ed Malloy,E. Malloy,Ed,Malloy,14,,22200121,"November 04, 2022"
683,683,1627524,Nate Green,N. Green,Nate,Green,65,,22200121,"November 04, 2022"
684,684,101284,John Goble,J. Goble,John,Goble,10,,22200122,"November 04, 2022"
685,685,203054,Cheryl Flores,C. Flores,Cheryl,Flores,91,,22200122,"November 04, 2022"
686,686,203593,Justin Van Duyne,J. Van Duyne,Justin,Van Duyne,64,,22200122,"November 04, 2022"
687,687,1830,Marc Davis,M. Davis,Marc,Davis,8,,22200124,"November 04, 2022"
688,688,201638,Brent Barnaky,B. Barnaky,Brent,Barnaky,36,,22200124,"November 04, 2022"
689,689,1626300,Ray Acosta,R. Acosta,Ray,Acosta,54,,22200124,"November 04, 2022"
690,690,1146,Tony Brothers,T. Brothers,Tony,Brothers,25,,22200127,"November 04, 2022"
691,691,1626302,Aaron Smith,A. Smith,Aaron,Smith,51,,22200127,"November 04, 2022"
692,692,1628487,Danielle Scott,D. Scott,Danielle,Scott,87,,22200127,"November 04, 2022"
693,693,202041,Kevin Scott,K. Scott,Kevin,Scott,24,,22200130,"November 04, 2022"
694,694,204059,Tyler Ford,T. Ford,Tyler,Ford,39,,22200130,"November 04, 2022"
695,695,1627526,Matt Kallio,M. Kallio,Matt,Kallio,88,,22200130,"November 04, 2022"
696,696,1162,Scott Foster,S. Foster,Scott,Foster,48,,22200118,"November 03, 2022"
697,697,201245,Marat Kogut,M. Kogut,Marat,Kogut,32,,22200118,"November 03, 2022"
698,698,1627964,Jonathan Sterling,J. Sterling,Jonathan,Sterling,17,,22200118,"November 03, 2022"
699,699,1179,Rodney Mott,R. Mott,Rodney,Mott,71,,22200107,"November 02, 2022"
700,700,1627961,Brandon Adair,B. Adair,Brandon,Adair,67,,22200107,"November 02, 2022"
701,701,1627962,Jacyn Goble,J. Goble,Jacyn,Goble,68,,22200107,"November 02, 2022"
702,702,1193,Michael Smith,M. Smith,Michael,Smith,38,,22200109,"November 02, 2022"
703,703,2715,Eric Lewis,E. Lewis,Eric,Lewis,42,,22200109,"November 02, 2022"
704,704,1626300,Ray Acosta,R. Acosta,Ray,Acosta,54,,22200109,"November 02, 2022"
705,705,202041,Kevin Scott,K. Scott,Kevin,Scott,24,,22200115,"November 02, 2022"
706,706,202053,Scott Twardoski,S. Twardoski,Scott,Twardoski,52,,22200115,"November 02, 2022"
707,707,1628159,Mousa Dagher,M. Dagher,Mousa,Dagher,28,,22200115,"November 02, 2022"
708,708,2534,Zach Zarba,Z. Zarba,Zach,Zarba,15,,22200116,"November 02, 2022"
709,709,202007,Nick Buchert,N. Buchert,Nick,Buchert,3,,22200116,"November 02, 2022"
710,710,1627534,Andy Nagy,A. Nagy,Andy,Nagy,83,,22200116,"November 02, 2022"
711,711,1201,Leon Wood,L. Wood,Leon,Wood,40,,22200117,"November 02, 2022"
712,712,2882,Sean Wright,S. Wright,Sean,Wright,4,,22200117,"November 02, 2022"
713,713,204059,Tyler Ford,T. Ford,Tyler,Ford,39,,22200117,"November 02, 2022"
714,714,1662,Bill Kennedy,B. Kennedy,Bill,Kennedy,55,,22200104,"November 01, 2022"
715,715,201638,Brent Barnaky,B. Barnaky,Brent,Barnaky,36,,22200104,"November 01, 2022"
716,716,203177,Lauren Holtkamp,L. Holtkamp,Lauren,Holtkamp,7,,22200104,"November 01, 2022"
717,717,1148,James Capers,J. Capers,James,Capers,19,,22200105,"November 01, 2022"
718,718,1626301,Jason Goldenberg,J. Goldenberg,Jason,Goldenberg,35,,22200105,"November 01, 2022"
719,719,1628953,Ashley Moyer-Gleich,A. Moyer-Gleich,Ashley,Moyer-Gleich,13,,22200105,"November 01, 2022"
720,720,1151,Sean Corbin,S. Corbin,Sean,Corbin,33,,22200096,"October 31, 2022"
721,721,201639,Josh Tiven,J. Tiven,Josh,Tiven,58,,22200096,"October 31, 2022"
722,722,1629178,Sha'Rae Mitchell,S. Mitchell,Sha'Rae,Mitchell,98,,22200096,"October 31, 2022"
723,723,1204,Derek Richardson,D. Richardson,Derek,Richardson,63,,22200098,"October 31, 2022"
724,724,101284,John Goble,J. Goble,John,Goble,10,,22200098,"October 31, 2022"
725,725,202049,Ben Taylor,B. Taylor,Ben,Taylor,46,,22200098,"October 31, 2022"
726,726,1179,Rodney Mott,R. Mott,Rodney,Mott,71,,22200100,"October 31, 2022"
727,727,202037,J.T. Orr,J. Orr,J.T.,Orr,72,,22200100,"October 31, 2022"
728,728,203592,Dedric Taylor,D. Taylor,Dedric,Taylor,21,,22200100,"October 31, 2022"
729,729,1201,Leon Wood,L. Wood,Leon,Wood,40,,22200102,"October 31, 2022"
730,730,2534,Zach Zarba,Z. Zarba,Zach,Zarba,15,,22200102,"October 31, 2022"
731,731,202007,Nick Buchert,N. Buchert,Nick,Buchert,3,,22200102,"October 31, 2022"
732,732,1179,Rodney Mott,R. Mott,Rodney,Mott,71,,22200082,"October 29, 2022"
733,733,1198,Scott Wall,S. Wall,Scott,Wall,31,,22200082,"October 29, 2022"
734,734,203592,Dedric Taylor,D. Taylor,Dedric,Taylor,21,,22200082,"October 29, 2022"
735,735,201639,Josh Tiven,J. Tiven,Josh,Tiven,58,,22200084,"October 29, 2022"
736,736,202053,Scott Twardoski,S. Twardoski,Scott,Twardoski,52,,22200084,"October 29, 2022"
737,737,1628485,Jamahl Ralls,J. Ralls,Jamahl,Ralls,94,,22200084,"October 29, 2022"
738,738,1162,Scott Foster,S. Foster,Scott,Foster,48,,22200085,"October 29, 2022"
739,739,204058,Gediminas Petraitis,G. Petraitis,Gediminas,Petraitis,50,,22200085,"October 29, 2022"
740,740,1627524,Nate Green,N. Green,Nate,Green,65,,22200085,"October 29, 2022"
741,741,2530,Ed Malloy,E. Malloy,Ed,Malloy,14,,22200086,"October 29, 2022"
742,742,202037,J.T. Orr,J. Orr,J.T.,Orr,72,,22200086,"October 29, 2022"
743,743,1627541,Natalie Sago,N. Sago,Natalie,Sago,9,,22200086,"October 29, 2022"
744,744,2004,Courtney Kirkland,C. Kirkland,Courtney,Kirkland,61,,22200087,"October 29, 2022"
745,745,203591,Mitchell Ervin,M. Ervin,Mitchell,Ervin,27,,22200087,"October 29, 2022"
746,746,1628168,Jenna Reneau,J. Reneau,Jenna,Reneau,93,,22200087,"October 29, 2022"
747,747,1151,Sean Corbin,S. Corbin,Sean,Corbin,33,,22200072,"October 28, 2022"
748,748,202049,Ben Taylor,B. Taylor,Ben,Taylor,46,,22200072,"October 28, 2022"
749,749,1627519,John Conley,J. Conley,John,Conley,79,,22200072,"October 28, 2022"
750,750,2003,Pat Fraher,P. Fraher,Pat,Fraher,26,,22200077,"October 28, 2022"
751,751,203177,Lauren Holtkamp,L. Holtkamp,Lauren,Holtkamp,7,,22200077,"October 28, 2022"
752,752,1628480,Robert Hussey,R. Hussey,Robert,Hussey,85,,22200077,"October 28, 2022"
753,753,1662,Bill Kennedy,B. Kennedy,Bill,Kennedy,55,,22200066,"October 27, 2022"
754,754,202053,Scott Twardoski,S. Twardoski,Scott,Twardoski,52,,22200066,"October 27, 2022"
755,755,203592,Dedric Taylor,D. Taylor,Dedric,Taylor,21,,22200066,"October 27, 2022"
756,756,202049,Ben Taylor,B. Taylor,Ben,Taylor,46,,22200057,"October 26, 2022"
757,757,1627541,Natalie Sago,N. Sago,Natalie,Sago,9,,22200057,"October 26, 2022"
758,758,1628480,Robert Hussey,R. Hussey,Robert,Hussey,85,,22200057,"October 26, 2022"
759,759,1146,Tony Brothers,T. Brothers,Tony,Brothers,25,,22200058,"October 26, 2022"
760,760,202053,Scott Twardoski,S. Twardoski,Scott,Twardoski,52,,22200058,"October 26, 2022"
761,761,204058,Gediminas Petraitis,G. Petraitis,Gediminas,Petraitis,50,,22200058,"October 26, 2022"
762,762,1198,Scott Wall,S. Wall,Scott,Wall,31,,22200053,"October 25, 2022"
763,763,2003,Pat Fraher,P. Fraher,Pat,Fraher,26,,22200053,"October 25, 2022"
764,764,101283,Brian Forte,B. Forte,Brian,Forte,45,,22200053,"October 25, 2022"
765,765,1146,Tony Brothers,T. Brothers,Tony,Brothers,25,,22200045,"October 24, 2022"
766,766,202027,Tre Maddox,T. Maddox,Tre,Maddox,23,,22200045,"October 24, 2022"
767,767,1628951,John Butler,J. Butler,John,Butler,30,,22200045,"October 24, 2022"
768,768,2715,Eric Lewis,E. Lewis,Eric,Lewis,42,,22200048,"October 24, 2022"
769,769,201638,Brent Barnaky,B. Barnaky,Brent,Barnaky,36,,22200048,"October 24, 2022"
770,770,202901,Matt Myers,M. Myers,Matt,Myers,43,,22200048,"October 24, 2022"
771,771,1204,Derek Richardson,D. Richardson,Derek,Richardson,63,,22200037,"October 23, 2022"
772,772,2005,Matt Boland,M. Boland,Matt,Boland,18,,22200037,"October 23, 2022"
773,773,2530,Ed Malloy,E. Malloy,Ed,Malloy,14,,22200037,"October 23, 2022"
774,774,2714,David Guthrie,D. Guthrie,David,Guthrie,16,,22200039,"October 23, 2022"
775,775,203591,Mitchell Ervin,M. Ervin,Mitchell,Ervin,27,,22200039,"October 23, 2022"
776,776,1627963,Phenizee Ransom,P. Ransom,Phenizee,Ransom,70,,22200039,"October 23, 2022"
777,777,200832,Curtis Blair,C. Blair,Curtis,Blair,74,,22200040,"October 23, 2022"
778,778,1626300,Ray Acosta,R. Acosta,Ray,Acosta,54,,22200040,"October 23, 2022"
779,779,1626301,Jason Goldenberg,J. Goldenberg,Jason,Goldenberg,35,,22200040,"October 23, 2022"
780,780,204059,Tyler Ford,T. Ford,Tyler,Ford,39,,22200031,"October 22, 2022"
781,781,1627529,Suyash Mehta,S. Mehta,Suyash,Mehta,82,,22200031,"October 22, 2022"
782,782,1627962,Jacyn Goble,J. Goble,Jacyn,Goble,68,,22200031,"October 22, 2022"
783,783,2715,Eric Lewis,E. Lewis,Eric,Lewis,42,,22200035,"October 22, 2022"
784,784,202035,Brett Nansel,B. Nansel,Brett,Nansel,44,,22200035,"October 22, 2022"
785,785,202901,Matt Myers,M. Myers,Matt,Myers,43,,22200035,"October 22, 2022"
786,786,101284,John Goble,J. Goble,John,Goble,10,,22200036,"October 22, 2022"
787,787,204058,Gediminas Petraitis,G. Petraitis,Gediminas,Petraitis,50,,22200036,"October 22, 2022"
788,788,1627526,Matt Kallio,M. Kallio,Matt,Kallio,88,,22200036,"October 22, 2022"
789,789,202049,Ben Taylor,B. Taylor,Ben,Taylor,46,,22200018,"October 21, 2022"
790,790,203591,Mitchell Ervin,M. Ervin,Mitchell,Ervin,27,,22200018,"October 21, 2022"
791,791,1628159,Mousa Dagher,M. Dagher,Mousa,Dagher,28,,22200018,"October 21, 2022"
792,792,2003,Pat Fraher,P. Fraher,Pat,Fraher,26,,22200019,"October 21, 2022"
793,793,101283,Brian Forte,B. Forte,Brian,Forte,45,,22200019,"October 21, 2022"
794,794,1627534,Andy Nagy,A. Nagy,Andy,Nagy,83,,22200019,"October 21, 2022"
795,795,1148,James Capers,J. Capers,James,Capers,19,,22200021,"October 21, 2022"
796,796,1151,Sean Corbin,S. Corbin,Sean,Corbin,33,,22200021,"October 21, 2022"
797,797,1628484,Dannica Mosher,D. Mosher,Dannica,Mosher,89,,22200021,"October 21, 2022"
798,798,1155,JB DeRosa,J. DeRosa,JB,DeRosa,22,,22200025,"October 21, 2022"
799,799,2714,David Guthrie,D. Guthrie,David,Guthrie,16,,22200025,"October 21, 2022"
800,800,1629183,Pat O'Connell,P. O'Connell,Pat,O'Connell,90,,22200025,"October 21, 2022"
801,801,2004,Courtney Kirkland,C. Kirkland,Courtney,Kirkland,61,,22200026,"October 21, 2022"
802,802,204058,Gediminas Petraitis,G. Petraitis,Gediminas,Petraitis,50,,22200026,"October 21, 2022"
803,803,1627961,Brandon Adair,B. Adair,Brandon,Adair,67,,22200026,"October 21, 2022"
804,804,1146,Tony Brothers,T. Brothers,Tony,Brothers,25,,22200027,"October 21, 2022"
805,805,202053,Scott Twardoski,S. Twardoski,Scott,Twardoski,52,,22200027,"October 21, 2022"
806,806,203177,Lauren Holtkamp,L. Holtkamp,Lauren,Holtkamp,7,,22200027,"October 21, 2022"
807,807,202058,James Williams,J. Williams,James,Williams,60,,22200015,"October 20, 2022"
808,808,1627962,Jacyn Goble,J. Goble,Jacyn,Goble,68,,22200015,"October 20, 2022"
809,809,1627964,Jonathan Sterling,J. Sterling,Jonathan,Sterling,17,,22200015,"October 20, 2022"
810,810,1151,Sean Corbin,S. Corbin,Sean,Corbin,33,,22200003,"October 19, 2022"
811,811,2714,David Guthrie,D. Guthrie,David,Guthrie,16,,22200003,"October 19, 2022"
812,812,1628159,Mousa Dagher,M. Dagher,Mousa,Dagher,28,,22200003,"October 19, 2022"
813,813,1162,Scott Foster,S. Foster,Scott,Foster,48,,22200004,"October 19, 2022"
814,814,201638,Brent Barnaky,B. Barnaky,Brent,Barnaky,36,,22200004,"October 19, 2022"
815,815,1628953,Ashley Moyer-Gleich,A. Moyer-Gleich,Ashley,Moyer-Gleich,13,,22200004,"October 19, 2022"
816,816,201639,Josh Tiven,J. Tiven,Josh,Tiven,58,,22200008,"October 19, 2022"
817,817,202026,Karl Lane,K. Lane,Karl,Lane,77,,22200008,"October 19, 2022"
818,818,1626300,Ray Acosta,R. Acosta,Ray,Acosta,54,,22200008,"October 19, 2022"
819,819,2534,Zach Zarba,Z. Zarba,Zach,Zarba,15,,22200009,"October 19, 2022"
820,820,200832,Curtis Blair,C. Blair,Curtis,Blair,74,,22200009,"October 19, 2022"
821,821,203592,Dedric Taylor,D. Taylor,Dedric,Taylor,21,,22200009,"October 19, 2022"
822,822,1830,Marc Davis,M. Davis,Marc,Davis,8,,22200010,"October 19, 2022"
823,823,2002,Derrick Collins,D. Collins,Derrick,Collins,11,,22200010,"October 19, 2022"
824,824,203591,Mitchell Ervin,M. Ervin,Mitchell,Ervin,27,,22200010,"October 19, 2022"
825,825,1204,Derek Richardson,D. Richardson,Derek,Richardson,63,,22200013,"October 19, 2022"
826,826,2715,Eric Lewis,E. Lewis,Eric,Lewis,42,,22200013,"October 19, 2022"
827,827,204058,Gediminas Petraitis,G. Petraitis,Gediminas,Petraitis,50,,22200013,"October 19, 2022"
828,828,2004,Courtney Kirkland,C. Kirkland,Courtney,Kirkland,61,,22200014,"October 19, 2022"
829,829,203593,Justin Van Duyne,J. Van Duyne,Justin,Van Duyne,64,,22200014,"October 19, 2022"
830,830,1627961,Brandon Adair,B. Adair,Brandon,Adair,67,,22200014,"October 19, 2022"
