,personId,name,nameI,firstName,familyName,jerseyNum,assignment,gameId
0,101283,Brian Forte,B. Forte,Brian,Forte,45  ,,22200741
1,101284,John Goble,J. Goble,John,Goble,10  ,,22200741
2,203592,Dedric Taylor,D. Taylor,Dedric,Taylor,21  ,,22200741
3,2004,Courtney Kirkland,C. Kirkland,Courtney,Kirkland,61  ,,22200743
4,201245,Marat Kogut,M. Kogut,Marat,Kogut,32  ,,22200743
5,1627524,Nate Green,N. Green,Nate,Green,65  ,,22200743
6,200834,Mark Lindsay,M. Lindsay,Mark,Lindsay,29  ,,22200748
7,202035,Brett Nansel,B. Nansel,Brett,Nansel,44  ,,22200748
8,1627963,Phenizee Ransom,P. Ransom,Phenizee,Ransom,70  ,,22200748
9,2715,Eric Lewis,E. Lewis,Eric,Lewis,42  ,,22200749
10,1627534,Andy Nagy,A. Nagy,Andy,Nagy,83  ,,22200749
11,1627962,Jacyn Goble,J. Goble,Jacyn,Goble,68  ,,22200749
12,204059,Tyler Ford,T. Ford,Tyler,Ford,39  ,,22200738
13,1626302,Aaron Smith,A. Smith,Aaron,Smith,51  ,,22200738
14,1628951,John Butler,J. Butler,John,Butler,30  ,,22200738
15,101283,Brian Forte,B. Forte,Brian,Forte,45  ,,22200730
16,202049,Ben Taylor,B. Taylor,Ben,Taylor,46  ,,22200730
17,203592,Dedric Taylor,D. Taylor,Dedric,Taylor,21  ,,22200730
18,1830,Marc Davis,M. Davis,Marc,Davis,8   ,,22200734
19,202027,Tre Maddox,T. Maddox,Tre,Maddox,23  ,,22200734
20,1627961,Brandon Adair,B. Adair,Brandon,Adair,67  ,,22200734
21,1193,Michael Smith,M. Smith,Michael,Smith,38  ,,22200721
22,201639,Josh Tiven,J. Tiven,Josh,Tiven,58  ,,22200721
23,202035,Brett Nansel,B. Nansel,Brett,Nansel,44  ,,22200721
24,1148,James Capers,J. Capers,James,Capers,19  ,,22200725
25,1199,Tom Washington,T. Washington,Tom,Washington,49  ,,22200725
26,202037,J.T. Orr,J. Orr,J.T.,Orr,72  ,,22200725
27,2005,Matt Boland,M. Boland,Matt,Boland,18  ,,22200726
28,2882,Sean Wright,S. Wright,Sean,Wright,4   ,,22200726
29,204058,Gediminas Petraitis,G. Petraitis,Gediminas,Petraitis,50  ,,22200726
30,200834,Mark Lindsay,M. Lindsay,Mark,Lindsay,29  ,,22200713
31,1626302,Aaron Smith,A. Smith,Aaron,Smith,51  ,,22200713
32,1627529,Suyash Mehta,S. Mehta,Suyash,Mehta,82  ,,22200713
33,2003,Pat Fraher,P. Fraher,Pat,Fraher,26  ,,22200714
34,202026,Karl Lane,K. Lane,Karl,Lane,77  ,,22200714
35,202901,Matt Myers,M. Myers,Matt,Myers,43  ,,22200714
36,1198,Scott Wall,S. Wall,Scott,Wall,31  ,,22200715
37,1662,Bill Kennedy,B. Kennedy,Bill,Kennedy,55  ,,22200715
38,1627962,Jacyn Goble,J. Goble,Jacyn,Goble,68  ,,22200715
39,1151,Sean Corbin,S. Corbin,Sean,Corbin,33  ,,22200716
40,2715,Eric Lewis,E. Lewis,Eric,Lewis,42  ,,22200716
41,203177,Lauren Holtkamp,L. Holtkamp,Lauren,Holtkamp,7   ,,22200716
42,2004,Courtney Kirkland,C. Kirkland,Courtney,Kirkland,61  ,,22200717
43,1627541,Natalie Sago,N. Sago,Natalie,Sago,9   ,,22200717
44,1628484,Dannica Mosher,D. Mosher,Dannica,Mosher,89  ,,22200717
45,1830,Marc Davis,M. Davis,Marc,Davis,8   ,,22200709
46,1628480,Robert Hussey,R. Hussey,Robert,Hussey,85  ,,22200709
47,1628953,Ashley Moyer-Gleich,A. Moyer-Gleich,Ashley,Moyer-Gleich,13  ,,22200709
48,1662,Bill Kennedy,B. Kennedy,Bill,Kennedy,55  ,,22200699
49,2002,Derrick Collins,D. Collins,Derrick,Collins,11  ,,22200699
50,1627961,Brandon Adair,B. Adair,Brandon,Adair,67  ,,22200699
51,2882,Sean Wright,S. Wright,Sean,Wright,4   ,,22200702
52,203593,Justin Van Duyne,J. Van Duyne,Justin,Van Duyne,64  ,,22200702
53,1628951,John Butler,J. Butler,John,Butler,30  ,,22200702
54,1146,Tony Brothers,T. Brothers,Tony,Brothers,25  ,,22200703
55,202053,Scott Twardoski,S. Twardoski,Scott,Twardoski,52  ,,22200703
56,203177,Lauren Holtkamp,L. Holtkamp,Lauren,Holtkamp,7   ,,22200703
57,101283,Brian Forte,B. Forte,Brian,Forte,45  ,,22200704
58,200832,Curtis Blair,C. Blair,Curtis,Blair,74  ,,22200704
59,1626300,Ray Acosta,R. Acosta,Ray,Acosta,54  ,,22200704
60,1193,Michael Smith,M. Smith,Michael,Smith,38  ,,22200692
61,2530,Ed Malloy,E. Malloy,Ed,Malloy,14  ,,22200692
62,1628484,Dannica Mosher,D. Mosher,Dannica,Mosher,89  ,,22200692
63,202041,Kevin Scott,K. Scott,Kevin,Scott,24  ,,22200694
64,202056,CJ Washington,C. Washington,CJ,Washington,12  ,,22200694
65,204059,Tyler Ford,T. Ford,Tyler,Ford,39  ,,22200694
66,1201,Leon Wood,L. Wood,Leon,Wood,40  ,,22200697
67,2534,Zach Zarba,Z. Zarba,Zach,Zarba,15  ,,22200697
68,201245,Marat Kogut,M. Kogut,Marat,Kogut,32  ,,22200697
69,2003,Pat Fraher,P. Fraher,Pat,Fraher,26  ,,22200698
70,204058,Gediminas Petraitis,G. Petraitis,Gediminas,Petraitis,50  ,,22200698
71,1626301,Jason Goldenberg,J. Goldenberg,Jason,Goldenberg,35  ,,22200698
72,2004,Courtney Kirkland,C. Kirkland,Courtney,Kirkland,61  ,,22200689
73,203177,Lauren Holtkamp,L. Holtkamp,Lauren,Holtkamp,7   ,,22200689
74,1627519,John Conley,J. Conley,John,Conley,79  ,,22200689
75,2534,Zach Zarba,Z. Zarba,Zach,Zarba,15  ,,22200690
76,101283,Brian Forte,B. Forte,Brian,Forte,45  ,,22200690
77,202901,Matt Myers,M. Myers,Matt,Myers,43  ,,22200690
78,1146,Tony Brothers,T. Brothers,Tony,Brothers,25  ,,22200691
79,1155,JB DeRosa,J. DeRosa,JB,DeRosa,22  ,,22200691
80,1198,Scott Wall,S. Wall,Scott,Wall,31  ,,22200691
81,2714,David Guthrie,D. Guthrie,David,Guthrie,16  ,,22200679
82,201638,Brent Barnaky,B. Barnaky,Brent,Barnaky,36  ,,22200679
83,1626302,Aaron Smith,A. Smith,Aaron,Smith,51  ,,22200679
84,1199,Tom Washington,T. Washington,Tom,Washington,49  ,,22200680
85,2003,Pat Fraher,P. Fraher,Pat,Fraher,26  ,,22200680
86,203592,Dedric Taylor,D. Taylor,Dedric,Taylor,21  ,,22200680
87,2715,Eric Lewis,E. Lewis,Eric,Lewis,42  ,,22200681
88,201246,Kevin Cutler,K. Cutler,Kevin,Cutler,34  ,,22200681
89,1626301,Jason Goldenberg,J. Goldenberg,Jason,Goldenberg,35  ,,22200681
90,1162,Scott Foster,S. Foster,Scott,Foster,48  ,,22200670
91,1201,Leon Wood,L. Wood,Leon,Wood,40  ,,22200670
92,203593,Justin Van Duyne,J. Van Duyne,Justin,Van Duyne,64  ,,22200670
93,2882,Sean Wright,S. Wright,Sean,Wright,4   ,,22200671
94,202035,Brett Nansel,B. Nansel,Brett,Nansel,44  ,,22200671
95,203054,Cheryl Flores,C. Flores,Cheryl,Flores,91  ,,22200671
96,200832,Curtis Blair,C. Blair,Curtis,Blair,74  ,,22200672
97,204059,Tyler Ford,T. Ford,Tyler,Ford,39  ,,22200672
98,1628159,Mousa Dagher,M. Dagher,Mousa,Dagher,28  ,,22200672
99,1151,Sean Corbin,S. Corbin,Sean,Corbin,33  ,,22200676
100,2004,Courtney Kirkland,C. Kirkland,Courtney,Kirkland,61  ,,22200676
101,202901,Matt Myers,M. Myers,Matt,Myers,43  ,,22200676
102,2715,Eric Lewis,E. Lewis,Eric,Lewis,42  ,,22200677
103,203177,Lauren Holtkamp,L. Holtkamp,Lauren,Holtkamp,7   ,,22200677
104,1628171,Brandon Schwab,B. Schwab,Brandon,Schwab,86  ,,22200677
105,1155,JB DeRosa,J. DeRosa,JB,DeRosa,22  ,,22200659
106,1162,Scott Foster,S. Foster,Scott,Foster,48  ,,22200659
107,203054,Cheryl Flores,C. Flores,Cheryl,Flores,91  ,,22200659
108,2002,Derrick Collins,D. Collins,Derrick,Collins,11  ,,22200662
109,200832,Curtis Blair,C. Blair,Curtis,Blair,74  ,,22200662
110,1626302,Aaron Smith,A. Smith,Aaron,Smith,51  ,,22200662
111,1151,Sean Corbin,S. Corbin,Sean,Corbin,33  ,,22200664
112,1198,Scott Wall,S. Wall,Scott,Wall,31  ,,22200664
113,200834,Mark Lindsay,M. Lindsay,Mark,Lindsay,29  ,,22200664
114,201638,Brent Barnaky,B. Barnaky,Brent,Barnaky,36  ,,22200653
115,201639,Josh Tiven,J. Tiven,Josh,Tiven,58  ,,22200653
116,1627526,Matt Kallio,M. Kallio,Matt,Kallio,88  ,,22200653
117,101284,John Goble,J. Goble,John,Goble,10  ,,22200655
118,202035,Brett Nansel,B. Nansel,Brett,Nansel,44  ,,22200655
119,1627963,Phenizee Ransom,P. Ransom,Phenizee,Ransom,70  ,,22200655
120,201639,Josh Tiven,J. Tiven,Josh,Tiven,58  ,,22200646
121,202026,Karl Lane,K. Lane,Karl,Lane,77  ,,22200646
122,202056,CJ Washington,C. Washington,CJ,Washington,12  ,,22200646
123,2003,Pat Fraher,P. Fraher,Pat,Fraher,26  ,,22200633
124,1626301,Jason Goldenberg,J. Goldenberg,Jason,Goldenberg,35  ,,22200633
125,1628953,Ashley Moyer-Gleich,A. Moyer-Gleich,Ashley,Moyer-Gleich,13  ,,22200633
126,2004,Courtney Kirkland,C. Kirkland,Courtney,Kirkland,61  ,,22200634
127,101283,Brian Forte,B. Forte,Brian,Forte,45  ,,22200634
128,1628171,Brandon Schwab,B. Schwab,Brandon,Schwab,86  ,,22200634
129,1193,Michael Smith,M. Smith,Michael,Smith,38  ,,22200638
130,1830,Marc Davis,M. Davis,Marc,Davis,8   ,,22200638
131,1628484,Dannica Mosher,D. Mosher,Dannica,Mosher,89  ,,22200638
132,201639,Josh Tiven,J. Tiven,Josh,Tiven,58  ,,22200630
133,202027,Tre Maddox,T. Maddox,Tre,Maddox,23  ,,22200630
134,1627529,Suyash Mehta,S. Mehta,Suyash,Mehta,82  ,,22200630
135,1162,Scott Foster,S. Foster,Scott,Foster,48  ,,22200631
136,202026,Karl Lane,K. Lane,Karl,Lane,77  ,,22200631
137,202901,Matt Myers,M. Myers,Matt,Myers,43  ,,22200631
138,1179,Rodney Mott,R. Mott,Rodney,Mott,71  ,,22200619
139,2005,Matt Boland,M. Boland,Matt,Boland,18  ,,22200619
140,1628953,Ashley Moyer-Gleich,A. Moyer-Gleich,Ashley,Moyer-Gleich,13  ,,22200619
141,200834,Mark Lindsay,M. Lindsay,Mark,Lindsay,29  ,,22200620
142,202007,Nick Buchert,N. Buchert,Nick,Buchert,3   ,,22200620
143,1627961,Brandon Adair,B. Adair,Brandon,Adair,67  ,,22200620
144,2534,Zach Zarba,Z. Zarba,Zach,Zarba,15  ,,22200622
145,203177,Lauren Holtkamp,L. Holtkamp,Lauren,Holtkamp,7   ,,22200622
146,1626300,Ray Acosta,R. Acosta,Ray,Acosta,54  ,,22200622
147,1155,JB DeRosa,J. DeRosa,JB,DeRosa,22  ,,22200623
148,101284,John Goble,J. Goble,John,Goble,10  ,,22200623
149,1628172,Evan Scott,E. Scott,Evan,Scott,78  ,,22200623
150,201638,Brent Barnaky,B. Barnaky,Brent,Barnaky,36  ,,22200611
151,202041,Kevin Scott,K. Scott,Kevin,Scott,24  ,,22200611
152,202056,CJ Washington,C. Washington,CJ,Washington,12  ,,22200611
153,2882,Sean Wright,S. Wright,Sean,Wright,4   ,,22200614
154,204058,Gediminas Petraitis,G. Petraitis,Gediminas,Petraitis,50  ,,22200614
155,1627539,Tyler Ricks,T. Ricks,Tyler,Ricks,95  ,,22200614
156,201639,Josh Tiven,J. Tiven,Josh,Tiven,58  ,,22200616
157,1626302,Aaron Smith,A. Smith,Aaron,Smith,51  ,,22200616
158,1628159,Mousa Dagher,M. Dagher,Mousa,Dagher,28  ,,22200616
159,2534,Zach Zarba,Z. Zarba,Zach,Zarba,15  ,,22200606
160,201246,Kevin Cutler,K. Cutler,Kevin,Cutler,34  ,,22200606
161,1628954,Jenna Schroeder,J. Schroeder,Jenna,Schroeder,84  ,,22200606
162,1179,Rodney Mott,R. Mott,Rodney,Mott,71  ,,22200607
163,202058,James Williams,J. Williams,James,Williams,60  ,,22200607
164,1627524,Nate Green,N. Green,Nate,Green,65  ,,22200607
165,1146,Tony Brothers,T. Brothers,Tony,Brothers,25  ,,22200598
166,202053,Scott Twardoski,S. Twardoski,Scott,Twardoski,52  ,,22200598
167,1628171,Brandon Schwab,B. Schwab,Brandon,Schwab,86  ,,22200598
168,200834,Mark Lindsay,M. Lindsay,Mark,Lindsay,29  ,,22200599
169,1626300,Ray Acosta,R. Acosta,Ray,Acosta,54  ,,22200599
170,1627964,Jonathan Sterling,J. Sterling,Jonathan,Sterling,17  ,,22200599
171,2882,Sean Wright,S. Wright,Sean,Wright,4   ,,22200604
172,203591,Mitchell Ervin,M. Ervin,Mitchell,Ervin,27  ,,22200604
173,1627529,Suyash Mehta,S. Mehta,Suyash,Mehta,82  ,,22200604
174,1179,Rodney Mott,R. Mott,Rodney,Mott,71  ,,22200591
175,2005,Matt Boland,M. Boland,Matt,Boland,18  ,,22200591
176,1628951,John Butler,J. Butler,John,Butler,30  ,,22200591
177,2003,Pat Fraher,P. Fraher,Pat,Fraher,26  ,,22200595
178,203592,Dedric Taylor,D. Taylor,Dedric,Taylor,21  ,,22200595
179,1627962,Jacyn Goble,J. Goble,Jacyn,Goble,68  ,,22200595
180,1162,Scott Foster,S. Foster,Scott,Foster,48  ,,22200580
181,2002,Derrick Collins,D. Collins,Derrick,Collins,11  ,,22200580
182,204058,Gediminas Petraitis,G. Petraitis,Gediminas,Petraitis,50  ,,22200580
183,1151,Sean Corbin,S. Corbin,Sean,Corbin,33  ,,22200582
184,1830,Marc Davis,M. Davis,Marc,Davis,8   ,,22200582
185,1627961,Brandon Adair,B. Adair,Brandon,Adair,67  ,,22200582
186,1155,JB DeRosa,J. DeRosa,JB,DeRosa,22  ,,22200586
187,204059,Tyler Ford,T. Ford,Tyler,Ford,39  ,,22200586
188,1626302,Aaron Smith,A. Smith,Aaron,Smith,51  ,,22200586
189,1148,James Capers,J. Capers,James,Capers,19  ,,22200565
190,1151,Sean Corbin,S. Corbin,Sean,Corbin,33  ,,22200565
191,1628484,Dannica Mosher,D. Mosher,Dannica,Mosher,89  ,,22200565
192,2004,Courtney Kirkland,C. Kirkland,Courtney,Kirkland,61  ,,22200567
193,1627962,Jacyn Goble,J. Goble,Jacyn,Goble,68  ,,22200567
194,1627963,Phenizee Ransom,P. Ransom,Phenizee,Ransom,70  ,,22200567
195,1198,Scott Wall,S. Wall,Scott,Wall,31  ,,22200568
196,201639,Josh Tiven,J. Tiven,Josh,Tiven,58  ,,22200568
197,202053,Scott Twardoski,S. Twardoski,Scott,Twardoski,52  ,,22200568
198,1146,Tony Brothers,T. Brothers,Tony,Brothers,25  ,,22200569
199,202901,Matt Myers,M. Myers,Matt,Myers,43  ,,22200569
200,204058,Gediminas Petraitis,G. Petraitis,Gediminas,Petraitis,50  ,,22200569
201,2530,Ed Malloy,E. Malloy,Ed,Malloy,14  ,,22200573
202,203591,Mitchell Ervin,M. Ervin,Mitchell,Ervin,27  ,,22200573
203,1629178,Sha'Rae Mitchell,S. Mitchell,Sha'Rae,Mitchell,76  ,,22200573
204,1201,Leon Wood,L. Wood,Leon,Wood,40  ,,22200574
205,2534,Zach Zarba,Z. Zarba,Zach,Zarba,15  ,,22200574
206,203593,Justin Van Duyne,J. Van Duyne,Justin,Van Duyne,64  ,,22200574
207,2714,David Guthrie,D. Guthrie,David,Guthrie,16  ,,22200575
208,202056,CJ Washington,C. Washington,CJ,Washington,12  ,,22200575
209,1628953,Ashley Moyer-Gleich,A. Moyer-Gleich,Ashley,Moyer-Gleich,13  ,,22200575
210,201246,Kevin Cutler,K. Cutler,Kevin,Cutler,34  ,,22200563
211,202007,Nick Buchert,N. Buchert,Nick,Buchert,3   ,,22200563
212,202035,Brett Nansel,B. Nansel,Brett,Nansel,44  ,,22200563
213,1146,Tony Brothers,T. Brothers,Tony,Brothers,25  ,,22200552
214,1155,JB DeRosa,J. DeRosa,JB,DeRosa,22  ,,22200552
215,1627529,Suyash Mehta,S. Mehta,Suyash,Mehta,82  ,,22200552
216,2882,Sean Wright,S. Wright,Sean,Wright,4   ,,22200554
217,1627519,John Conley,J. Conley,John,Conley,79  ,,22200554
218,1627541,Natalie Sago,N. Sago,Natalie,Sago,9   ,,22200554
219,1148,James Capers,J. Capers,James,Capers,19  ,,22200556
220,203054,Cheryl Flores,C. Flores,Cheryl,Flores,91  ,,22200556
221,203591,Mitchell Ervin,M. Ervin,Mitchell,Ervin,27  ,,22200556
222,1201,Leon Wood,L. Wood,Leon,Wood,40  ,,22200558
223,2534,Zach Zarba,Z. Zarba,Zach,Zarba,15  ,,22200558
224,1628951,John Butler,J. Butler,John,Butler,30  ,,22200558
225,1155,JB DeRosa,J. DeRosa,JB,DeRosa,22  ,,22200538
226,101284,John Goble,J. Goble,John,Goble,10  ,,22200538
227,203177,Lauren Holtkamp,L. Holtkamp,Lauren,Holtkamp,7   ,,22200538
228,200834,Mark Lindsay,M. Lindsay,Mark,Lindsay,29  ,,22200540
229,201638,Brent Barnaky,B. Barnaky,Brent,Barnaky,36  ,,22200540
230,202037,J.T. Orr,J. Orr,J.T.,Orr,72  ,,22200540
231,202058,James Williams,J. Williams,James,Williams,60  ,,22200542
232,203592,Dedric Taylor,D. Taylor,Dedric,Taylor,21  ,,22200542
233,1628159,Mousa Dagher,M. Dagher,Mousa,Dagher,28  ,,22200542
234,2714,David Guthrie,D. Guthrie,David,Guthrie,16  ,,22200546
235,204059,Tyler Ford,T. Ford,Tyler,Ford,39  ,,22200546
236,1627519,John Conley,J. Conley,John,Conley,79  ,,22200546
237,1146,Tony Brothers,T. Brothers,Tony,Brothers,25  ,,22200530
238,202035,Brett Nansel,B. Nansel,Brett,Nansel,44  ,,22200530
239,202049,Ben Taylor,B. Taylor,Ben,Taylor,46  ,,22200530
240,201639,Josh Tiven,J. Tiven,Josh,Tiven,58  ,,22200531
241,203593,Justin Van Duyne,J. Van Duyne,Justin,Van Duyne,64  ,,22200531
242,1628480,Robert Hussey,R. Hussey,Robert,Hussey,85  ,,22200531
243,2882,Sean Wright,S. Wright,Sean,Wright,4   ,,22200535
244,202027,Tre Maddox,T. Maddox,Tre,Maddox,23  ,,22200535
245,1626301,Jason Goldenberg,J. Goldenberg,Jason,Goldenberg,35  ,,22200535
246,201246,Kevin Cutler,K. Cutler,Kevin,Cutler,34  ,,22200536
247,204059,Tyler Ford,T. Ford,Tyler,Ford,39  ,,22200536
248,1627964,Jonathan Sterling,J. Sterling,Jonathan,Sterling,17  ,,22200536
249,1662,Bill Kennedy,B. Kennedy,Bill,Kennedy,55  ,,22200537
250,1626300,Ray Acosta,R. Acosta,Ray,Acosta,54  ,,22200537
251,1628172,Evan Scott,E. Scott,Evan,Scott,78  ,,22200537
252,1148,James Capers,J. Capers,James,Capers,19  ,,22200524
253,1626302,Aaron Smith,A. Smith,Aaron,Smith,51  ,,22200524
254,1627534,Andy Nagy,A. Nagy,Andy,Nagy,83  ,,22200524
255,1162,Scott Foster,S. Foster,Scott,Foster,48  ,,22200525
256,201638,Brent Barnaky,B. Barnaky,Brent,Barnaky,36  ,,22200525
257,202901,Matt Myers,M. Myers,Matt,Myers,43  ,,22200525
258,202026,Karl Lane,K. Lane,Karl,Lane,77  ,,22200517
259,202058,James Williams,J. Williams,James,Williams,60  ,,22200517
260,1628171,Brandon Schwab,B. Schwab,Brandon,Schwab,86  ,,22200517
261,1662,Bill Kennedy,B. Kennedy,Bill,Kennedy,55  ,,22200519
262,101283,Brian Forte,B. Forte,Brian,Forte,45  ,,22200519
263,202035,Brett Nansel,B. Nansel,Brett,Nansel,44  ,,22200519
264,201246,Kevin Cutler,K. Cutler,Kevin,Cutler,34  ,,22200520
265,203591,Mitchell Ervin,M. Ervin,Mitchell,Ervin,27  ,,22200520
266,1627961,Brandon Adair,B. Adair,Brandon,Adair,67  ,,22200520
267,202041,Kevin Scott,K. Scott,Kevin,Scott,24  ,,22200521
268,202053,Scott Twardoski,S. Twardoski,Scott,Twardoski,52  ,,22200521
269,1627526,Matt Kallio,M. Kallio,Matt,Kallio,88  ,,22200521
270,1151,Sean Corbin,S. Corbin,Sean,Corbin,33  ,,22200522
271,204059,Tyler Ford,T. Ford,Tyler,Ford,39  ,,22200522
272,1627964,Jonathan Sterling,J. Sterling,Jonathan,Sterling,17  ,,22200522
273,101284,John Goble,J. Goble,John,Goble,10  ,,22200506
274,203177,Lauren Holtkamp,L. Holtkamp,Lauren,Holtkamp,7   ,,22200506
275,1628480,Robert Hussey,R. Hussey,Robert,Hussey,85  ,,22200506
276,1155,JB DeRosa,J. DeRosa,JB,DeRosa,22  ,,22200512
277,202049,Ben Taylor,B. Taylor,Ben,Taylor,46  ,,22200512
278,1628484,Dannica Mosher,D. Mosher,Dannica,Mosher,89  ,,22200512
279,2005,Matt Boland,M. Boland,Matt,Boland,18  ,,22200513
280,202027,Tre Maddox,T. Maddox,Tre,Maddox,23  ,,22200513
281,203593,Justin Van Duyne,J. Van Duyne,Justin,Van Duyne,64  ,,22200513
282,202035,Brett Nansel,B. Nansel,Brett,Nansel,44  ,,22200499
283,203591,Mitchell Ervin,M. Ervin,Mitchell,Ervin,27  ,,22200499
284,1628172,Evan Scott,E. Scott,Evan,Scott,78  ,,22200499
285,202056,CJ Washington,C. Washington,CJ,Washington,12  ,,22200500
286,202058,James Williams,J. Williams,James,Williams,60  ,,22200500
287,1626302,Aaron Smith,A. Smith,Aaron,Smith,51  ,,22200500
288,1155,JB DeRosa,J. DeRosa,JB,DeRosa,22  ,,22200503
289,101283,Brian Forte,B. Forte,Brian,Forte,45  ,,22200503
290,1627529,Suyash Mehta,S. Mehta,Suyash,Mehta,82  ,,22200503
291,1146,Tony Brothers,T. Brothers,Tony,Brothers,25  ,,22200497
292,2005,Matt Boland,M. Boland,Matt,Boland,18  ,,22200497
293,202026,Karl Lane,K. Lane,Karl,Lane,77  ,,22200497
294,2530,Ed Malloy,E. Malloy,Ed,Malloy,14  ,,22200480
295,1627961,Brandon Adair,B. Adair,Brandon,Adair,67  ,,22200480
296,1628171,Brandon Schwab,B. Schwab,Brandon,Schwab,86  ,,22200480
297,2715,Eric Lewis,E. Lewis,Eric,Lewis,42  ,,22200485
298,1626302,Aaron Smith,A. Smith,Aaron,Smith,51  ,,22200485
299,1628954,Jenna Schroeder,J. Schroeder,Jenna,Schroeder,84  ,,22200485
300,101284,John Goble,J. Goble,John,Goble,10  ,,22200486
301,201638,Brent Barnaky,B. Barnaky,Brent,Barnaky,36  ,,22200486
302,1628159,Mousa Dagher,M. Dagher,Mousa,Dagher,28  ,,22200486
303,101283,Brian Forte,B. Forte,Brian,Forte,45  ,,22200487
304,200832,Curtis Blair,C. Blair,Curtis,Blair,74  ,,22200487
305,1627524,Nate Green,N. Green,Nate,Green,65  ,,22200487
306,202049,Ben Taylor,B. Taylor,Ben,Taylor,46  ,,22200488
307,204058,Gediminas Petraitis,G. Petraitis,Gediminas,Petraitis,50  ,,22200488
308,1626301,Jason Goldenberg,J. Goldenberg,Jason,Goldenberg,35  ,,22200488
309,2882,Sean Wright,S. Wright,Sean,Wright,4   ,,22200492
310,202053,Scott Twardoski,S. Twardoski,Scott,Twardoski,52  ,,22200492
311,1630886,Intae Hwang,I. Hwang,Intae,Hwang,96  ,,22200492
312,1151,Sean Corbin,S. Corbin,Sean,Corbin,33  ,,22200468
313,1627962,Jacyn Goble,J. Goble,Jacyn,Goble,68  ,,22200468
314,1628159,Mousa Dagher,M. Dagher,Mousa,Dagher,28  ,,22200468
315,201638,Brent Barnaky,B. Barnaky,Brent,Barnaky,36  ,,22200471
316,201639,Josh Tiven,J. Tiven,Josh,Tiven,58  ,,22200471
317,1628172,Evan Scott,E. Scott,Evan,Scott,78  ,,22200471
318,1148,James Capers,J. Capers,James,Capers,19  ,,22200473
319,2005,Matt Boland,M. Boland,Matt,Boland,18  ,,22200473
320,1628951,John Butler,J. Butler,John,Butler,30  ,,22200473
321,1179,Rodney Mott,R. Mott,Rodney,Mott,71  ,,22200474
322,1193,Michael Smith,M. Smith,Michael,Smith,38  ,,22200474
323,202056,CJ Washington,C. Washington,CJ,Washington,12  ,,22200474
324,101283,Brian Forte,B. Forte,Brian,Forte,45  ,,22200464
325,202058,James Williams,J. Williams,James,Williams,60  ,,22200464
326,1627961,Brandon Adair,B. Adair,Brandon,Adair,67  ,,22200464
327,2003,Pat Fraher,P. Fraher,Pat,Fraher,26  ,,22200453
328,202037,J.T. Orr,J. Orr,J.T.,Orr,72  ,,22200453
329,1628953,Ashley Moyer-Gleich,A. Moyer-Gleich,Ashley,Moyer-Gleich,13  ,,22200453
330,202026,Karl Lane,K. Lane,Karl,Lane,77  ,,22200454
331,1626302,Aaron Smith,A. Smith,Aaron,Smith,51  ,,22200454
332,1627524,Nate Green,N. Green,Nate,Green,65  ,,22200454
333,1146,Tony Brothers,T. Brothers,Tony,Brothers,25  ,,22200457
334,1626300,Ray Acosta,R. Acosta,Ray,Acosta,54  ,,22200457
335,1627519,John Conley,J. Conley,John,Conley,79  ,,22200457
336,1148,James Capers,J. Capers,James,Capers,19  ,,22200458
337,203054,Cheryl Flores,C. Flores,Cheryl,Flores,91  ,,22200458
338,203592,Dedric Taylor,D. Taylor,Dedric,Taylor,21  ,,22200458
339,2004,Courtney Kirkland,C. Kirkland,Courtney,Kirkland,61  ,,22200460
340,1627963,Phenizee Ransom,P. Ransom,Phenizee,Ransom,70  ,,22200460
341,1628951,John Butler,J. Butler,John,Butler,30  ,,22200460
342,2530,Ed Malloy,E. Malloy,Ed,Malloy,14  ,,22200445
343,201245,Marat Kogut,M. Kogut,Marat,Kogut,32  ,,22200445
344,1628484,Dannica Mosher,D. Mosher,Dannica,Mosher,89  ,,22200445
345,202027,Tre Maddox,T. Maddox,Tre,Maddox,23  ,,22200446
346,202901,Matt Myers,M. Myers,Matt,Myers,43  ,,22200446
347,203591,Mitchell Ervin,M. Ervin,Mitchell,Ervin,27  ,,22200446
348,201638,Brent Barnaky,B. Barnaky,Brent,Barnaky,36  ,,22200447
349,204059,Tyler Ford,T. Ford,Tyler,Ford,39  ,,22200447
350,1628954,Jenna Schroeder,J. Schroeder,Jenna,Schroeder,84  ,,22200447
351,1201,Leon Wood,L. Wood,Leon,Wood,40  ,,22200450
352,101283,Brian Forte,B. Forte,Brian,Forte,45  ,,22200450
353,1627961,Brandon Adair,B. Adair,Brandon,Adair,67  ,,22200450
354,1662,Bill Kennedy,B. Kennedy,Bill,Kennedy,55  ,,22200451
355,201246,Kevin Cutler,K. Cutler,Kevin,Cutler,34  ,,22200451
356,1627534,Andy Nagy,A. Nagy,Andy,Nagy,83  ,,22200451
357,2003,Pat Fraher,P. Fraher,Pat,Fraher,26  ,,22200440
358,201638,Brent Barnaky,B. Barnaky,Brent,Barnaky,36  ,,22200440
359,1629183,Pat O'Connell,P. O'Connell,Pat,O'Connell,90  ,,22200440
360,201639,Josh Tiven,J. Tiven,Josh,Tiven,58  ,,22200444
361,202035,Brett Nansel,B. Nansel,Brett,Nansel,44  ,,22200444
362,1627534,Andy Nagy,A. Nagy,Andy,Nagy,83  ,,22200444
363,2715,Eric Lewis,E. Lewis,Eric,Lewis,42  ,,22200431
364,202053,Scott Twardoski,S. Twardoski,Scott,Twardoski,52  ,,22200431
365,1628954,Jenna Schroeder,J. Schroeder,Jenna,Schroeder,84  ,,22200431
366,2882,Sean Wright,S. Wright,Sean,Wright,4   ,,22200433
367,202007,Nick Buchert,N. Buchert,Nick,Buchert,3   ,,22200433
368,1626301,Jason Goldenberg,J. Goldenberg,Jason,Goldenberg,35  ,,22200433
369,101283,Brian Forte,B. Forte,Brian,Forte,45  ,,22200435
370,202037,J.T. Orr,J. Orr,J.T.,Orr,72  ,,22200435
371,203593,Justin Van Duyne,J. Van Duyne,Justin,Van Duyne,64  ,,22200435
372,101283,Brian Forte,B. Forte,Brian,Forte,45  ,,22200424
373,203054,Cheryl Flores,C. Flores,Cheryl,Flores,91  ,,22200424
374,203592,Dedric Taylor,D. Taylor,Dedric,Taylor,21  ,,22200424
375,2004,Courtney Kirkland,C. Kirkland,Courtney,Kirkland,61  ,,22200426
376,203591,Mitchell Ervin,M. Ervin,Mitchell,Ervin,27  ,,22200426
377,1629178,Sha'Rae Mitchell,S. Mitchell,Sha'Rae,Mitchell,98  ,,22200426
378,2714,David Guthrie,D. Guthrie,David,Guthrie,16  ,,22200414
379,200832,Curtis Blair,C. Blair,Curtis,Blair,74  ,,22200414
380,1628485,Jamahl Ralls,J. Ralls,Jamahl,Ralls,94  ,,22200414
381,202007,Nick Buchert,N. Buchert,Nick,Buchert,3   ,,22200415
382,204059,Tyler Ford,T. Ford,Tyler,Ford,39  ,,22200415
383,1626301,Jason Goldenberg,J. Goldenberg,Jason,Goldenberg,35  ,,22200415
384,2534,Zach Zarba,Z. Zarba,Zach,Zarba,15  ,,22200417
385,202026,Karl Lane,K. Lane,Karl,Lane,77  ,,22200417
386,1629175,Brent Haskill,B. Haskill,Brent,Haskill,92  ,,22200417
387,201246,Kevin Cutler,K. Cutler,Kevin,Cutler,34  ,,22200418
388,202056,CJ Washington,C. Washington,CJ,Washington,12  ,,22200418
389,202058,James Williams,J. Williams,James,Williams,60  ,,22200418
390,1201,Leon Wood,L. Wood,Leon,Wood,40  ,,22200419
391,2530,Ed Malloy,E. Malloy,Ed,Malloy,14  ,,22200419
392,201638,Brent Barnaky,B. Barnaky,Brent,Barnaky,36  ,,22200419
393,101284,John Goble,J. Goble,John,Goble,10  ,,22200413
394,202901,Matt Myers,M. Myers,Matt,Myers,43  ,,22200413
395,203591,Mitchell Ervin,M. Ervin,Mitchell,Ervin,27  ,,22200413
396,1193,Michael Smith,M. Smith,Michael,Smith,38  ,,22200406
397,204058,Gediminas Petraitis,G. Petraitis,Gediminas,Petraitis,50  ,,22200406
398,1627964,Jonathan Sterling,J. Sterling,Jonathan,Sterling,17  ,,22200406
399,1155,JB DeRosa,J. DeRosa,JB,DeRosa,22  ,,22200395
400,202053,Scott Twardoski,S. Twardoski,Scott,Twardoski,52  ,,22200395
401,204059,Tyler Ford,T. Ford,Tyler,Ford,39  ,,22200395
402,101283,Brian Forte,B. Forte,Brian,Forte,45  ,,22200396
403,202041,Kevin Scott,K. Scott,Kevin,Scott,24  ,,22200396
404,1627539,Tyler Ricks,T. Ricks,Tyler,Ricks,95  ,,22200396
405,2530,Ed Malloy,E. Malloy,Ed,Malloy,14  ,,22200400
406,200832,Curtis Blair,C. Blair,Curtis,Blair,74  ,,22200400
407,1628485,Jamahl Ralls,J. Ralls,Jamahl,Ralls,94  ,,22200400
408,101284,John Goble,J. Goble,John,Goble,10  ,,22200401
409,200833,Eric Dalen,E. Dalen,Eric,Dalen,37  ,,22200401
410,1628951,John Butler,J. Butler,John,Butler,30  ,,22200401
411,202049,Ben Taylor,B. Taylor,Ben,Taylor,46  ,,22200387
412,1627541,Natalie Sago,N. Sago,Natalie,Sago,9   ,,22200387
413,1628171,Brandon Schwab,B. Schwab,Brandon,Schwab,86  ,,22200387
414,2714,David Guthrie,D. Guthrie,David,Guthrie,16  ,,22200388
415,202035,Brett Nansel,B. Nansel,Brett,Nansel,44  ,,22200388
416,1628159,Mousa Dagher,M. Dagher,Mousa,Dagher,28  ,,22200388
417,202026,Karl Lane,K. Lane,Karl,Lane,77  ,,22200389
418,203177,Lauren Holtkamp,L. Holtkamp,Lauren,Holtkamp,7   ,,22200389
419,1627534,Andy Nagy,A. Nagy,Andy,Nagy,83  ,,22200389
420,202027,Tre Maddox,T. Maddox,Tre,Maddox,23  ,,22200393
421,203593,Justin Van Duyne,J. Van Duyne,Justin,Van Duyne,64  ,,22200393
422,1627526,Matt Kallio,M. Kallio,Matt,Kallio,88  ,,22200393
423,1148,James Capers,J. Capers,James,Capers,19  ,,22200379
424,200832,Curtis Blair,C. Blair,Curtis,Blair,74  ,,22200379
425,1628480,Robert Hussey,R. Hussey,Robert,Hussey,85  ,,22200379
426,1179,Rodney Mott,R. Mott,Rodney,Mott,71  ,,22200380
427,2882,Sean Wright,S. Wright,Sean,Wright,4   ,,22200380
428,202056,CJ Washington,C. Washington,CJ,Washington,12  ,,22200380
429,201639,Josh Tiven,J. Tiven,Josh,Tiven,58  ,,22200381
430,202035,Brett Nansel,B. Nansel,Brett,Nansel,44  ,,22200381
431,202037,J.T. Orr,J. Orr,J.T.,Orr,72  ,,22200381
432,1151,Sean Corbin,S. Corbin,Sean,Corbin,33  ,,22200382
433,2005,Matt Boland,M. Boland,Matt,Boland,18  ,,22200382
434,202058,James Williams,J. Williams,James,Williams,60  ,,22200382
435,202041,Kevin Scott,K. Scott,Kevin,Scott,24  ,,22200386
436,202053,Scott Twardoski,S. Twardoski,Scott,Twardoski,52  ,,22200386
437,204059,Tyler Ford,T. Ford,Tyler,Ford,39  ,,22200386
438,200832,Curtis Blair,C. Blair,Curtis,Blair,74  ,,22200374
439,203593,Justin Van Duyne,J. Van Duyne,Justin,Van Duyne,64  ,,22200374
440,1627519,John Conley,J. Conley,John,Conley,79  ,,22200374
441,1155,JB DeRosa,J. DeRosa,JB,DeRosa,22  ,,22200376
442,1830,Marc Davis,M. Davis,Marc,Davis,8   ,,22200376
443,1627963,Phenizee Ransom,P. Ransom,Phenizee,Ransom,70  ,,22200376
444,1162,Scott Foster,S. Foster,Scott,Foster,48  ,,22200363
445,202027,Tre Maddox,T. Maddox,Tre,Maddox,23  ,,22200363
446,1628484,Dannica Mosher,D. Mosher,Dannica,Mosher,89  ,,22200363
447,202058,James Williams,J. Williams,James,Williams,60  ,,22200364
448,202901,Matt Myers,M. Myers,Matt,Myers,43  ,,22200364
449,204058,Gediminas Petraitis,G. Petraitis,Gediminas,Petraitis,50  ,,22200364
450,201639,Josh Tiven,J. Tiven,Josh,Tiven,58  ,,22200367
451,1627526,Matt Kallio,M. Kallio,Matt,Kallio,88  ,,22200367
452,1628953,Ashley Moyer-Gleich,A. Moyer-Gleich,Ashley,Moyer-Gleich,13  ,,22200367
453,2530,Ed Malloy,E. Malloy,Ed,Malloy,14  ,,22200370
454,202049,Ben Taylor,B. Taylor,Ben,Taylor,46  ,,22200370
455,1627961,Brandon Adair,B. Adair,Brandon,Adair,67  ,,22200370
456,1148,James Capers,J. Capers,James,Capers,19  ,,22200371
457,202026,Karl Lane,K. Lane,Karl,Lane,77  ,,22200371
458,202056,CJ Washington,C. Washington,CJ,Washington,12  ,,22200371
459,1155,JB DeRosa,J. DeRosa,JB,DeRosa,22  ,,22200372
460,1830,Marc Davis,M. Davis,Marc,Davis,8   ,,22200372
461,1627963,Phenizee Ransom,P. Ransom,Phenizee,Ransom,70  ,,22200372
462,2715,Eric Lewis,E. Lewis,Eric,Lewis,42  ,,22200362
463,202007,Nick Buchert,N. Buchert,Nick,Buchert,3   ,,22200362
464,1626300,Ray Acosta,R. Acosta,Ray,Acosta,54  ,,22200362
465,1198,Scott Wall,S. Wall,Scott,Wall,31  ,,22200352
466,2003,Pat Fraher,P. Fraher,Pat,Fraher,26  ,,22200352
467,203591,Mitchell Ervin,M. Ervin,Mitchell,Ervin,27  ,,22200352
468,1146,Tony Brothers,T. Brothers,Tony,Brothers,25  ,,22200356
469,1627962,Jacyn Goble,J. Goble,Jacyn,Goble,68  ,,22200356
470,1629183,Pat O'Connell,P. O'Connell,Pat,O'Connell,90  ,,22200356
471,1146,Tony Brothers,T. Brothers,Tony,Brothers,25  ,,22200343
472,202026,Karl Lane,K. Lane,Karl,Lane,77  ,,22200343
473,29032,Intae Hwang,I. Hwang,Intae,Hwang,96  ,,22200343
474,1830,Marc Davis,M. Davis,Marc,Davis,8   ,,22200326
475,202049,Ben Taylor,B. Taylor,Ben,Taylor,46  ,,22200326
476,203592,Dedric Taylor,D. Taylor,Dedric,Taylor,21  ,,22200326
477,101284,John Goble,J. Goble,John,Goble,10  ,,22200328
478,202053,Scott Twardoski,S. Twardoski,Scott,Twardoski,52  ,,22200328
479,1628159,Mousa Dagher,M. Dagher,Mousa,Dagher,28  ,,22200328
480,2534,Zach Zarba,Z. Zarba,Zach,Zarba,15  ,,22200331
481,201245,Marat Kogut,M. Kogut,Marat,Kogut,32  ,,22200331
482,204058,Gediminas Petraitis,G. Petraitis,Gediminas,Petraitis,50  ,,22200331
483,1148,James Capers,J. Capers,James,Capers,19  ,,22200334
484,2005,Matt Boland,M. Boland,Matt,Boland,18  ,,22200334
485,1628482,Tyler Mirkovich,T. Mirkovich,Tyler,Mirkovich,97  ,,22200334
486,2003,Pat Fraher,P. Fraher,Pat,Fraher,26  ,,22200325
487,204058,Gediminas Petraitis,G. Petraitis,Gediminas,Petraitis,50  ,,22200325
488,1628168,Jenna Reneau,J. Reneau,Jenna,Reneau,93  ,,22200325
489,1662,Bill Kennedy,B. Kennedy,Bill,Kennedy,55  ,,22200316
490,1627961,Brandon Adair,B. Adair,Brandon,Adair,67  ,,22200316
491,1628484,Dannica Mosher,D. Mosher,Dannica,Mosher,89  ,,22200316
492,2005,Matt Boland,M. Boland,Matt,Boland,18  ,,22200319
493,2715,Eric Lewis,E. Lewis,Eric,Lewis,42  ,,22200319
494,203592,Dedric Taylor,D. Taylor,Dedric,Taylor,21  ,,22200319
495,1151,Sean Corbin,S. Corbin,Sean,Corbin,33  ,,22200310
496,2005,Matt Boland,M. Boland,Matt,Boland,18  ,,22200310
497,101284,John Goble,J. Goble,John,Goble,10  ,,22200310
498,2882,Sean Wright,S. Wright,Sean,Wright,4   ,,22200311
499,202037,J.T. Orr,J. Orr,J.T.,Orr,72  ,,22200311
500,203593,Justin Van Duyne,J. Van Duyne,Justin,Van Duyne,64  ,,22200311
501,1662,Bill Kennedy,B. Kennedy,Bill,Kennedy,55  ,,22200299
502,201245,Marat Kogut,M. Kogut,Marat,Kogut,32  ,,22200299
503,1627961,Brandon Adair,B. Adair,Brandon,Adair,67  ,,22200299
504,202058,James Williams,J. Williams,James,Williams,60  ,,22200304
505,202901,Matt Myers,M. Myers,Matt,Myers,43  ,,22200304
506,204058,Gediminas Petraitis,G. Petraitis,Gediminas,Petraitis,50  ,,22200304
507,2534,Zach Zarba,Z. Zarba,Zach,Zarba,15  ,,22200307
508,101283,Brian Forte,B. Forte,Brian,Forte,45  ,,22200307
509,203593,Justin Van Duyne,J. Van Duyne,Justin,Van Duyne,64  ,,22200307
510,2714,David Guthrie,D. Guthrie,David,Guthrie,16  ,,22200308
511,203591,Mitchell Ervin,M. Ervin,Mitchell,Ervin,27  ,,22200308
512,1627526,Matt Kallio,M. Kallio,Matt,Kallio,88  ,,22200308
513,1146,Tony Brothers,T. Brothers,Tony,Brothers,25  ,,22200296
514,202007,Nick Buchert,N. Buchert,Nick,Buchert,3   ,,22200296
515,1627964,Jonathan Sterling,J. Sterling,Jonathan,Sterling,17  ,,22200296
516,1662,Bill Kennedy,B. Kennedy,Bill,Kennedy,55  ,,22200286
517,201638,Brent Barnaky,B. Barnaky,Brent,Barnaky,36  ,,22200286
518,1628951,John Butler,J. Butler,John,Butler,30  ,,22200286
519,2714,David Guthrie,D. Guthrie,David,Guthrie,16  ,,22200289
520,202053,Scott Twardoski,S. Twardoski,Scott,Twardoski,52  ,,22200289
521,204058,Gediminas Petraitis,G. Petraitis,Gediminas,Petraitis,50  ,,22200289
522,1162,Scott Foster,S. Foster,Scott,Foster,48  ,,22200272
523,2005,Matt Boland,M. Boland,Matt,Boland,18  ,,22200272
524,1630886,Intae Hwang,I. Hwang,Intae,Hwang,96  ,,22200272
525,2003,Pat Fraher,P. Fraher,Pat,Fraher,26  ,,22200274
526,200832,Curtis Blair,C. Blair,Curtis,Blair,74  ,,22200274
527,202056,CJ Washington,C. Washington,CJ,Washington,12  ,,22200274
528,1151,Sean Corbin,S. Corbin,Sean,Corbin,33  ,,22200277
529,202026,Karl Lane,K. Lane,Karl,Lane,77  ,,22200277
530,1628487,Danielle Scott,D. Scott,Danielle,Scott,87  ,,22200277
531,200833,Eric Dalen,E. Dalen,Eric,Dalen,37  ,,22200278
532,203591,Mitchell Ervin,M. Ervin,Mitchell,Ervin,27  ,,22200278
533,1627524,Nate Green,N. Green,Nate,Green,65  ,,22200278
534,101283,Brian Forte,B. Forte,Brian,Forte,45  ,,22200281
535,1627526,Matt Kallio,M. Kallio,Matt,Kallio,88  ,,22200281
536,1627962,Jacyn Goble,J. Goble,Jacyn,Goble,68  ,,22200281
537,1201,Leon Wood,L. Wood,Leon,Wood,40  ,,22200283
538,202027,Tre Maddox,T. Maddox,Tre,Maddox,23  ,,22200283
539,1628159,Mousa Dagher,M. Dagher,Mousa,Dagher,28  ,,22200283
540,2714,David Guthrie,D. Guthrie,David,Guthrie,16  ,,22200260
541,1626302,Aaron Smith,A. Smith,Aaron,Smith,51  ,,22200260
542,1627963,Phenizee Ransom,P. Ransom,Phenizee,Ransom,70  ,,22200260
543,2004,Courtney Kirkland,C. Kirkland,Courtney,Kirkland,61  ,,22200267
544,202037,J.T. Orr,J. Orr,J.T.,Orr,72  ,,22200267
545,203593,Justin Van Duyne,J. Van Duyne,Justin,Van Duyne,64  ,,22200267
546,1151,Sean Corbin,S. Corbin,Sean,Corbin,33  ,,22200268
547,203591,Mitchell Ervin,M. Ervin,Mitchell,Ervin,27  ,,22200268
548,1628171,Brandon Schwab,B. Schwab,Brandon,Schwab,86  ,,22200268
549,2003,Pat Fraher,P. Fraher,Pat,Fraher,26  ,,22200257
550,202053,Scott Twardoski,S. Twardoski,Scott,Twardoski,52  ,,22200257
551,202056,CJ Washington,C. Washington,CJ,Washington,12  ,,22200257
552,202058,James Williams,J. Williams,James,Williams,60  ,,22200258
553,203177,Lauren Holtkamp,L. Holtkamp,Lauren,Holtkamp,7   ,,22200258
554,1627524,Nate Green,N. Green,Nate,Green,65  ,,22200258
555,200832,Curtis Blair,C. Blair,Curtis,Blair,74  ,,22200252
556,202007,Nick Buchert,N. Buchert,Nick,Buchert,3   ,,22200252
557,1627519,John Conley,J. Conley,John,Conley,79  ,,22200252
558,101284,John Goble,J. Goble,John,Goble,10  ,,22200241
559,200833,Eric Dalen,E. Dalen,Eric,Dalen,37  ,,22200241
560,1628172,Evan Scott,E. Scott,Evan,Scott,78  ,,22200241
561,1830,Marc Davis,M. Davis,Marc,Davis,8   ,,22200242
562,1627964,Jonathan Sterling,J. Sterling,Jonathan,Sterling,17  ,,22200242
563,1628953,Ashley Moyer-Gleich,A. Moyer-Gleich,Ashley,Moyer-Gleich,13  ,,22200242
564,2714,David Guthrie,D. Guthrie,David,Guthrie,16  ,,22200245
565,202053,Scott Twardoski,S. Twardoski,Scott,Twardoski,52  ,,22200245
566,1627534,Andy Nagy,A. Nagy,Andy,Nagy,83  ,,22200245
567,1179,Rodney Mott,R. Mott,Rodney,Mott,71  ,,22200246
568,1201,Leon Wood,L. Wood,Leon,Wood,40  ,,22200246
569,2882,Sean Wright,S. Wright,Sean,Wright,4   ,,22200246
570,1151,Sean Corbin,S. Corbin,Sean,Corbin,33  ,,22200235
571,202049,Ben Taylor,B. Taylor,Ben,Taylor,46  ,,22200235
572,203177,Lauren Holtkamp,L. Holtkamp,Lauren,Holtkamp,7   ,,22200235
573,2003,Pat Fraher,P. Fraher,Pat,Fraher,26  ,,22200236
574,202007,Nick Buchert,N. Buchert,Nick,Buchert,3   ,,22200236
575,1628954,Jenna Schroeder,J. Schroeder,Jenna,Schroeder,84  ,,22200236
576,201639,Josh Tiven,J. Tiven,Josh,Tiven,58  ,,22200237
577,1627541,Natalie Sago,N. Sago,Natalie,Sago,9   ,,22200237
578,1628171,Brandon Schwab,B. Schwab,Brandon,Schwab,86  ,,22200237
579,1204,Derek Richardson,D. Richardson,Derek,Richardson,63  ,,22200238
580,200832,Curtis Blair,C. Blair,Curtis,Blair,74  ,,22200238
581,203054,Cheryl Flores,C. Flores,Cheryl,Flores,91  ,,22200238
582,202041,Kevin Scott,K. Scott,Kevin,Scott,24  ,,22200224
583,1627541,Natalie Sago,N. Sago,Natalie,Sago,9   ,,22200224
584,1628482,Tyler Mirkovich,T. Mirkovich,Tyler,Mirkovich,97  ,,22200224
585,1155,JB DeRosa,J. DeRosa,JB,DeRosa,22  ,,22200225
586,1662,Bill Kennedy,B. Kennedy,Bill,Kennedy,55  ,,22200225
587,2005,Matt Boland,M. Boland,Matt,Boland,18  ,,22200225
588,1198,Scott Wall,S. Wall,Scott,Wall,31  ,,22200227
589,2714,David Guthrie,D. Guthrie,David,Guthrie,16  ,,22200227
590,203592,Dedric Taylor,D. Taylor,Dedric,Taylor,21  ,,22200227
591,2715,Eric Lewis,E. Lewis,Eric,Lewis,42  ,,22200232
592,1628484,Dannica Mosher,D. Mosher,Dannica,Mosher,89  ,,22200232
593,1628953,Ashley Moyer-Gleich,A. Moyer-Gleich,Ashley,Moyer-Gleich,13  ,,22200232
594,202058,James Williams,J. Williams,James,Williams,60  ,,22200221
595,1626302,Aaron Smith,A. Smith,Aaron,Smith,51  ,,22200221
596,1628951,John Butler,J. Butler,John,Butler,30  ,,22200221
597,1662,Bill Kennedy,B. Kennedy,Bill,Kennedy,55  ,,22200213
598,202035,Brett Nansel,B. Nansel,Brett,Nansel,44  ,,22200213
599,1628159,Mousa Dagher,M. Dagher,Mousa,Dagher,28  ,,22200213
600,2715,Eric Lewis,E. Lewis,Eric,Lewis,42  ,,22200219
601,203054,Cheryl Flores,C. Flores,Cheryl,Flores,91  ,,22200219
602,1628953,Ashley Moyer-Gleich,A. Moyer-Gleich,Ashley,Moyer-Gleich,13  ,,22200219
603,200832,Curtis Blair,C. Blair,Curtis,Blair,74  ,,22200207
604,201638,Brent Barnaky,B. Barnaky,Brent,Barnaky,36  ,,22200207
605,1628954,Jenna Schroeder,J. Schroeder,Jenna,Schroeder,84  ,,22200207
606,2714,David Guthrie,D. Guthrie,David,Guthrie,16  ,,22200209
607,202053,Scott Twardoski,S. Twardoski,Scott,Twardoski,52  ,,22200209
608,1627519,John Conley,J. Conley,John,Conley,79  ,,22200209
609,2003,Pat Fraher,P. Fraher,Pat,Fraher,26  ,,22200199
610,101283,Brian Forte,B. Forte,Brian,Forte,45  ,,22200199
611,1628159,Mousa Dagher,M. Dagher,Mousa,Dagher,28  ,,22200199
612,101284,John Goble,J. Goble,John,Goble,10  ,,22200201
613,203177,Lauren Holtkamp,L. Holtkamp,Lauren,Holtkamp,7   ,,22200201
614,1627534,Andy Nagy,A. Nagy,Andy,Nagy,83  ,,22200201
615,1148,James Capers,J. Capers,James,Capers,19  ,,22200202
616,203592,Dedric Taylor,D. Taylor,Dedric,Taylor,21  ,,22200202
617,1627524,Nate Green,N. Green,Nate,Green,65  ,,22200202
618,200833,Eric Dalen,E. Dalen,Eric,Dalen,37  ,,22200193
619,202026,Karl Lane,K. Lane,Karl,Lane,77  ,,22200193
620,1627526,Matt Kallio,M. Kallio,Matt,Kallio,88  ,,22200193
621,2003,Pat Fraher,P. Fraher,Pat,Fraher,26  ,,22200195
622,202035,Brett Nansel,B. Nansel,Brett,Nansel,44  ,,22200195
623,1627961,Brandon Adair,B. Adair,Brandon,Adair,67  ,,22200195
624,202049,Ben Taylor,B. Taylor,Ben,Taylor,46  ,,22200190
625,203592,Dedric Taylor,D. Taylor,Dedric,Taylor,21  ,,22200190
626,1627524,Nate Green,N. Green,Nate,Green,65  ,,22200190
627,203591,Mitchell Ervin,M. Ervin,Mitchell,Ervin,27  ,,22200191
628,1626301,Jason Goldenberg,J. Goldenberg,Jason,Goldenberg,35  ,,22200191
629,1626302,Aaron Smith,A. Smith,Aaron,Smith,51  ,,22200191
630,2714,David Guthrie,D. Guthrie,David,Guthrie,16  ,,22200182
631,101283,Brian Forte,B. Forte,Brian,Forte,45  ,,22200182
632,202901,Matt Myers,M. Myers,Matt,Myers,43  ,,22200182
633,1179,Rodney Mott,R. Mott,Rodney,Mott,71  ,,22200183
634,203593,Justin Van Duyne,J. Van Duyne,Justin,Van Duyne,64  ,,22200183
635,1628159,Mousa Dagher,M. Dagher,Mousa,Dagher,28  ,,22200183
636,1198,Scott Wall,S. Wall,Scott,Wall,31  ,,22200174
637,203591,Mitchell Ervin,M. Ervin,Mitchell,Ervin,27  ,,22200174
638,1627962,Jacyn Goble,J. Goble,Jacyn,Goble,68  ,,22200174
639,203592,Dedric Taylor,D. Taylor,Dedric,Taylor,21  ,,22200160
640,204059,Tyler Ford,T. Ford,Tyler,Ford,39  ,,22200160
641,1627964,Jonathan Sterling,J. Sterling,Jonathan,Sterling,17  ,,22200160
642,202007,Nick Buchert,N. Buchert,Nick,Buchert,3   ,,22200166
643,202026,Karl Lane,K. Lane,Karl,Lane,77  ,,22200166
644,1627961,Brandon Adair,B. Adair,Brandon,Adair,67  ,,22200166
645,2003,Pat Fraher,P. Fraher,Pat,Fraher,26  ,,22200168
646,1627541,Natalie Sago,N. Sago,Natalie,Sago,9   ,,22200168
647,1628487,Danielle Scott,D. Scott,Danielle,Scott,87  ,,22200168
648,1155,JB DeRosa,J. DeRosa,JB,DeRosa,22  ,,22200169
649,101284,John Goble,J. Goble,John,Goble,10  ,,22200169
650,1629183,Pat O'Connell,P. O'Connell,Pat,O'Connell,90  ,,22200169
651,1151,Sean Corbin,S. Corbin,Sean,Corbin,33  ,,22200171
652,202049,Ben Taylor,B. Taylor,Ben,Taylor,46  ,,22200171
653,1628480,Robert Hussey,R. Hussey,Robert,Hussey,85  ,,22200171
654,1201,Leon Wood,L. Wood,Leon,Wood,40  ,,22200150
655,202058,James Williams,J. Williams,James,Williams,60  ,,22200150
656,1627963,Phenizee Ransom,P. Ransom,Phenizee,Ransom,70  ,,22200150
657,1148,James Capers,J. Capers,James,Capers,19  ,,22200152
658,200833,Eric Dalen,E. Dalen,Eric,Dalen,37  ,,22200152
659,1628159,Mousa Dagher,M. Dagher,Mousa,Dagher,28  ,,22200152
660,101283,Brian Forte,B. Forte,Brian,Forte,45  ,,22200154
661,202007,Nick Buchert,N. Buchert,Nick,Buchert,3   ,,22200154
662,202901,Matt Myers,M. Myers,Matt,Myers,43  ,,22200154
663,2004,Courtney Kirkland,C. Kirkland,Courtney,Kirkland,61  ,,22200155
664,203593,Justin Van Duyne,J. Van Duyne,Justin,Van Duyne,64  ,,22200155
665,1627964,Jonathan Sterling,J. Sterling,Jonathan,Sterling,17  ,,22200155
666,2003,Pat Fraher,P. Fraher,Pat,Fraher,26  ,,22200156
667,1627526,Matt Kallio,M. Kallio,Matt,Kallio,88  ,,22200156
668,1627541,Natalie Sago,N. Sago,Natalie,Sago,9   ,,22200156
669,201639,Josh Tiven,J. Tiven,Josh,Tiven,58  ,,22200158
670,202035,Brett Nansel,B. Nansel,Brett,Nansel,44  ,,22200158
671,1628172,Evan Scott,E. Scott,Evan,Scott,78  ,,22200158
672,1201,Leon Wood,L. Wood,Leon,Wood,40  ,,22200132
673,2714,David Guthrie,D. Guthrie,David,Guthrie,16  ,,22200132
674,203177,Lauren Holtkamp,L. Holtkamp,Lauren,Holtkamp,7   ,,22200132
675,200832,Curtis Blair,C. Blair,Curtis,Blair,74  ,,22200133
676,204058,Gediminas Petraitis,G. Petraitis,Gediminas,Petraitis,50  ,,22200133
677,1628484,Dannica Mosher,D. Mosher,Dannica,Mosher,89  ,,22200133
678,1155,JB DeRosa,J. DeRosa,JB,DeRosa,62  ,,22200134
679,1162,Scott Foster,S. Foster,Scott,Foster,48  ,,22200134
680,1628480,Robert Hussey,R. Hussey,Robert,Hussey,85  ,,22200134
681,1155,JB DeRosa,J. DeRosa,JB,DeRosa,62  ,,22200121
682,2530,Ed Malloy,E. Malloy,Ed,Malloy,14  ,,22200121
683,1627524,Nate Green,N. Green,Nate,Green,65  ,,22200121
684,101284,John Goble,J. Goble,John,Goble,10  ,,22200122
685,203054,Cheryl Flores,C. Flores,Cheryl,Flores,91  ,,22200122
686,203593,Justin Van Duyne,J. Van Duyne,Justin,Van Duyne,64  ,,22200122
687,1830,Marc Davis,M. Davis,Marc,Davis,8   ,,22200124
688,201638,Brent Barnaky,B. Barnaky,Brent,Barnaky,36  ,,22200124
689,1626300,Ray Acosta,R. Acosta,Ray,Acosta,54  ,,22200124
690,1146,Tony Brothers,T. Brothers,Tony,Brothers,25  ,,22200127
691,1626302,Aaron Smith,A. Smith,Aaron,Smith,51  ,,22200127
692,1628487,Danielle Scott,D. Scott,Danielle,Scott,87  ,,22200127
693,202041,Kevin Scott,K. Scott,Kevin,Scott,24  ,,22200130
694,204059,Tyler Ford,T. Ford,Tyler,Ford,39  ,,22200130
695,1627526,Matt Kallio,M. Kallio,Matt,Kallio,88  ,,22200130
696,1162,Scott Foster,S. Foster,Scott,Foster,48  ,,22200118
697,201245,Marat Kogut,M. Kogut,Marat,Kogut,32  ,,22200118
698,1627964,Jonathan Sterling,J. Sterling,Jonathan,Sterling,17  ,,22200118
699,1179,Rodney Mott,R. Mott,Rodney,Mott,71  ,,22200107
700,1627961,Brandon Adair,B. Adair,Brandon,Adair,67  ,,22200107
701,1627962,Jacyn Goble,J. Goble,Jacyn,Goble,68  ,,22200107
702,1193,Michael Smith,M. Smith,Michael,Smith,38  ,,22200109
703,2715,Eric Lewis,E. Lewis,Eric,Lewis,42  ,,22200109
704,1626300,Ray Acosta,R. Acosta,Ray,Acosta,54  ,,22200109
705,202041,Kevin Scott,K. Scott,Kevin,Scott,24  ,,22200115
706,202053,Scott Twardoski,S. Twardoski,Scott,Twardoski,52  ,,22200115
707,1628159,Mousa Dagher,M. Dagher,Mousa,Dagher,28  ,,22200115
708,2534,Zach Zarba,Z. Zarba,Zach,Zarba,15  ,,22200116
709,202007,Nick Buchert,N. Buchert,Nick,Buchert,3   ,,22200116
710,1627534,Andy Nagy,A. Nagy,Andy,Nagy,83  ,,22200116
711,1201,Leon Wood,L. Wood,Leon,Wood,40  ,,22200117
712,2882,Sean Wright,S. Wright,Sean,Wright,4   ,,22200117
713,204059,Tyler Ford,T. Ford,Tyler,Ford,39  ,,22200117
714,1662,Bill Kennedy,B. Kennedy,Bill,Kennedy,55  ,,22200104
715,201638,Brent Barnaky,B. Barnaky,Brent,Barnaky,36  ,,22200104
716,203177,Lauren Holtkamp,L. Holtkamp,Lauren,Holtkamp,7   ,,22200104
717,1148,James Capers,J. Capers,James,Capers,19  ,,22200105
718,1626301,Jason Goldenberg,J. Goldenberg,Jason,Goldenberg,35  ,,22200105
719,1628953,Ashley Moyer-Gleich,A. Moyer-Gleich,Ashley,Moyer-Gleich,13  ,,22200105
720,1151,Sean Corbin,S. Corbin,Sean,Corbin,33  ,,22200096
721,201639,Josh Tiven,J. Tiven,Josh,Tiven,58  ,,22200096
722,1629178,Sha'Rae Mitchell,S. Mitchell,Sha'Rae,Mitchell,98  ,,22200096
723,1204,Derek Richardson,D. Richardson,Derek,Richardson,63  ,,22200098
724,101284,John Goble,J. Goble,John,Goble,10  ,,22200098
725,202049,Ben Taylor,B. Taylor,Ben,Taylor,46  ,,22200098
726,1179,Rodney Mott,R. Mott,Rodney,Mott,71  ,,22200100
727,202037,J.T. Orr,J. Orr,J.T.,Orr,72  ,,22200100
728,203592,Dedric Taylor,D. Taylor,Dedric,Taylor,21  ,,22200100
729,1201,Leon Wood,L. Wood,Leon,Wood,40  ,,22200102
730,2534,Zach Zarba,Z. Zarba,Zach,Zarba,15  ,,22200102
731,202007,Nick Buchert,N. Buchert,Nick,Buchert,3   ,,22200102
732,1179,Rodney Mott,R. Mott,Rodney,Mott,71  ,,22200082
733,1198,Scott Wall,S. Wall,Scott,Wall,31  ,,22200082
734,203592,Dedric Taylor,D. Taylor,Dedric,Taylor,21  ,,22200082
735,201639,Josh Tiven,J. Tiven,Josh,Tiven,58  ,,22200084
736,202053,Scott Twardoski,S. Twardoski,Scott,Twardoski,52  ,,22200084
737,1628485,Jamahl Ralls,J. Ralls,Jamahl,Ralls,94  ,,22200084
738,1162,Scott Foster,S. Foster,Scott,Foster,48  ,,22200085
739,204058,Gediminas Petraitis,G. Petraitis,Gediminas,Petraitis,50  ,,22200085
740,1627524,Nate Green,N. Green,Nate,Green,65  ,,22200085
741,2530,Ed Malloy,E. Malloy,Ed,Malloy,14  ,,22200086
742,202037,J.T. Orr,J. Orr,J.T.,Orr,72  ,,22200086
743,1627541,Natalie Sago,N. Sago,Natalie,Sago,9   ,,22200086
744,2004,Courtney Kirkland,C. Kirkland,Courtney,Kirkland,61  ,,22200087
745,203591,Mitchell Ervin,M. Ervin,Mitchell,Ervin,27  ,,22200087
746,1628168,Jenna Reneau,J. Reneau,Jenna,Reneau,93  ,,22200087
747,1151,Sean Corbin,S. Corbin,Sean,Corbin,33  ,,22200072
748,202049,Ben Taylor,B. Taylor,Ben,Taylor,46  ,,22200072
749,1627519,John Conley,J. Conley,John,Conley,79  ,,22200072
750,2003,Pat Fraher,P. Fraher,Pat,Fraher,26  ,,22200077
751,203177,Lauren Holtkamp,L. Holtkamp,Lauren,Holtkamp,7   ,,22200077
752,1628480,Robert Hussey,R. Hussey,Robert,Hussey,85  ,,22200077
753,1662,Bill Kennedy,B. Kennedy,Bill,Kennedy,55  ,,22200066
754,202053,Scott Twardoski,S. Twardoski,Scott,Twardoski,52  ,,22200066
755,203592,Dedric Taylor,D. Taylor,Dedric,Taylor,21  ,,22200066
756,202049,Ben Taylor,B. Taylor,Ben,Taylor,46  ,,22200057
757,1627541,Natalie Sago,N. Sago,Natalie,Sago,9   ,,22200057
758,1628480,Robert Hussey,R. Hussey,Robert,Hussey,85  ,,22200057
759,1146,Tony Brothers,T. Brothers,Tony,Brothers,25  ,,22200058
760,202053,Scott Twardoski,S. Twardoski,Scott,Twardoski,52  ,,22200058
761,204058,Gediminas Petraitis,G. Petraitis,Gediminas,Petraitis,50  ,,22200058
762,1198,Scott Wall,S. Wall,Scott,Wall,31  ,,22200053
763,2003,Pat Fraher,P. Fraher,Pat,Fraher,26  ,,22200053
764,101283,Brian Forte,B. Forte,Brian,Forte,45  ,,22200053
765,1146,Tony Brothers,T. Brothers,Tony,Brothers,25  ,,22200045
766,202027,Tre Maddox,T. Maddox,Tre,Maddox,23  ,,22200045
767,1628951,John Butler,J. Butler,John,Butler,30  ,,22200045
768,2715,Eric Lewis,E. Lewis,Eric,Lewis,42  ,,22200048
769,201638,Brent Barnaky,B. Barnaky,Brent,Barnaky,36  ,,22200048
770,202901,Matt Myers,M. Myers,Matt,Myers,43  ,,22200048
771,1204,Derek Richardson,D. Richardson,Derek,Richardson,63  ,,22200037
772,2005,Matt Boland,M. Boland,Matt,Boland,18  ,,22200037
773,2530,Ed Malloy,E. Malloy,Ed,Malloy,14  ,,22200037
774,2714,David Guthrie,D. Guthrie,David,Guthrie,16  ,,22200039
775,203591,Mitchell Ervin,M. Ervin,Mitchell,Ervin,27  ,,22200039
776,1627963,Phenizee Ransom,P. Ransom,Phenizee,Ransom,70  ,,22200039
777,200832,Curtis Blair,C. Blair,Curtis,Blair,74  ,,22200040
778,1626300,Ray Acosta,R. Acosta,Ray,Acosta,54  ,,22200040
779,1626301,Jason Goldenberg,J. Goldenberg,Jason,Goldenberg,35  ,,22200040
780,204059,Tyler Ford,T. Ford,Tyler,Ford,39  ,,22200031
781,1627529,Suyash Mehta,S. Mehta,Suyash,Mehta,82  ,,22200031
782,1627962,Jacyn Goble,J. Goble,Jacyn,Goble,68  ,,22200031
783,2715,Eric Lewis,E. Lewis,Eric,Lewis,42  ,,22200035
784,202035,Brett Nansel,B. Nansel,Brett,Nansel,44  ,,22200035
785,202901,Matt Myers,M. Myers,Matt,Myers,43  ,,22200035
786,101284,John Goble,J. Goble,John,Goble,10  ,,22200036
787,204058,Gediminas Petraitis,G. Petraitis,Gediminas,Petraitis,50  ,,22200036
788,1627526,Matt Kallio,M. Kallio,Matt,Kallio,88  ,,22200036
789,202049,Ben Taylor,B. Taylor,Ben,Taylor,46  ,,22200018
790,203591,Mitchell Ervin,M. Ervin,Mitchell,Ervin,27  ,,22200018
791,1628159,Mousa Dagher,M. Dagher,Mousa,Dagher,28  ,,22200018
792,2003,Pat Fraher,P. Fraher,Pat,Fraher,26  ,,22200019
793,101283,Brian Forte,B. Forte,Brian,Forte,45  ,,22200019
794,1627534,Andy Nagy,A. Nagy,Andy,Nagy,83  ,,22200019
795,1148,James Capers,J. Capers,James,Capers,19  ,,22200021
796,1151,Sean Corbin,S. Corbin,Sean,Corbin,33  ,,22200021
797,1628484,Dannica Mosher,D. Mosher,Dannica,Mosher,89  ,,22200021
798,1155,JB DeRosa,J. DeRosa,JB,DeRosa,22  ,,22200025
799,2714,David Guthrie,D. Guthrie,David,Guthrie,16  ,,22200025
800,1629183,Pat O'Connell,P. O'Connell,Pat,O'Connell,90  ,,22200025
801,2004,Courtney Kirkland,C. Kirkland,Courtney,Kirkland,61  ,,22200026
802,204058,Gediminas Petraitis,G. Petraitis,Gediminas,Petraitis,50  ,,22200026
803,1627961,Brandon Adair,B. Adair,Brandon,Adair,67  ,,22200026
804,1146,Tony Brothers,T. Brothers,Tony,Brothers,25  ,,22200027
805,202053,Scott Twardoski,S. Twardoski,Scott,Twardoski,52  ,,22200027
806,203177,Lauren Holtkamp,L. Holtkamp,Lauren,Holtkamp,7   ,,22200027
807,202058,James Williams,J. Williams,James,Williams,60  ,,22200015
808,1627962,Jacyn Goble,J. Goble,Jacyn,Goble,68  ,,22200015
809,1627964,Jonathan Sterling,J. Sterling,Jonathan,Sterling,17  ,,22200015
810,1151,Sean Corbin,S. Corbin,Sean,Corbin,33  ,,22200003
811,2714,David Guthrie,D. Guthrie,David,Guthrie,16  ,,22200003
812,1628159,Mousa Dagher,M. Dagher,Mousa,Dagher,28  ,,22200003
813,1162,Scott Foster,S. Foster,Scott,Foster,48  ,,22200004
814,201638,Brent Barnaky,B. Barnaky,Brent,Barnaky,36  ,,22200004
815,1628953,Ashley Moyer-Gleich,A. Moyer-Gleich,Ashley,Moyer-Gleich,13  ,,22200004
816,201639,Josh Tiven,J. Tiven,Josh,Tiven,58  ,,22200008
817,202026,Karl Lane,K. Lane,Karl,Lane,77  ,,22200008
818,1626300,Ray Acosta,R. Acosta,Ray,Acosta,54  ,,22200008
819,2534,Zach Zarba,Z. Zarba,Zach,Zarba,15  ,,22200009
820,200832,Curtis Blair,C. Blair,Curtis,Blair,74  ,,22200009
821,203592,Dedric Taylor,D. Taylor,Dedric,Taylor,21  ,,22200009
822,1830,Marc Davis,M. Davis,Marc,Davis,8   ,,22200010
823,2002,Derrick Collins,D. Collins,Derrick,Collins,11  ,,22200010
824,203591,Mitchell Ervin,M. Ervin,Mitchell,Ervin,27  ,,22200010
825,1204,Derek Richardson,D. Richardson,Derek,Richardson,63  ,,22200013
826,2715,Eric Lewis,E. Lewis,Eric,Lewis,42  ,,22200013
827,204058,Gediminas Petraitis,G. Petraitis,Gediminas,Petraitis,50  ,,22200013
828,2004,Courtney Kirkland,C. Kirkland,Courtney,Kirkland,61  ,,22200014
829,203593,Justin Van Duyne,J. Van Duyne,Justin,Van Duyne,64  ,,22200014
830,1627961,Brandon Adair,B. Adair,Brandon,Adair,67  ,,22200014
